机器人,"头像	 "
"	徐安","	http://wx.qlogo.cn/mmopen/LeOYyN8j2GVLk691F8NXUH9gOBmn9ibLDYYGz0oltT69UhS86vRWz7JjZ7uIysyakEk8ubC2Aib7kLCEX5LIOjQNmnHMJgDChF/132"
"	春艳","	http://wx.qlogo.cn/mmopen/LeOYyN8j2GVLk691F8NXUAChlzialmAaicrKiaqGCBAwEeJsGYAC8MTlaQzS7kKX2zLNKKeO2KOfic2bb7r2YibcOusy5kAUGQ7pu/132"
"	何任超","	http://wx.qlogo.cn/mmopen/zsUXYY6y4cKsjMx8tsjIDHdVhoyW1tJTQ4evntRTJVicydAuB5aETc1UXQRUD3lfp3nBCNZPFdVYpg1hK2xUbBibRr1lxS0iaIa/132"
"	杨   涛","	http://wx.qlogo.cn/mmopen/UF9ibjR5bYZoMFOggibXEiasAIL0KvH3klcotNuaxgLY8hWySfHcahupiacOqxKIm4BicuL07DSxNdxLziaicVTKySlHCYxic7IeTNiaV/132"
"	A","	http://wx.qlogo.cn/mmopen/LeOYyN8j2GVLk691F8NXUCeQby2e7CwxibibWNf5AHlFwUf4GquD2NQnKt762BVok6UWgWEIo8iaLA62ECTS1fPliadQzSRP6fmn/132"
"	炜玲","	http://wx.qlogo.cn/mmopen/oVFgdumbxvlAyoWFicE7FnVhnSUtYf6qjLq8vcbyHPlxicWqDQyw2DuklHzTUibLib1vDpiaGI0fIM3YKicTibnn1icG4FqEkT2TpIQ6/132"
"	Eijon","	http://wx.qlogo.cn/mmopen/QCCI54QUsCuDUFDHlhKLd2BC0nnFoh2Rynh73epIjricduSbU8J1hKPC2Oxsx6YnKf7SibEGdbc3IicZdZIdddlpqXarYEPVMYr/132"
"	懂得","	http://wx.qlogo.cn/mmopen/zsUXYY6y4cKrhXMmy4A4vdgXQUmOVIQyeCCI2oibg78sSUVd0eC2oGEfJibVbGnLH9ficGuI4a1USrMeTGWR4Xeq4103Wvg8mrH/132"
"	谁在说谎","	http://wx.qlogo.cn/mmopen/PiajxSqBRaELUBHDS6ViaAfSg4T3tcicGnOoichU5dDtWdXzLIalEYZIbic9Mjia6v0LZIzZJbNjbXBAYYY5jU24icHQw/132"
"	千古","	http://wx.qlogo.cn/mmopen/Q3auHgzwzM4POJznUVB3oUX1pSI9EeFpIW1N8gl6lp0QIytagGawA6jP0jE5LddmP57TYghzAia4pWF6pk8so9DPdseZGTTVoK4wOrxPjYAQ/132"
"	悟","	http://wx.qlogo.cn/mmopen/QCCI54QUsCuDUFDHlhKLd8SX02hu1D49Jz2Pvc5agffjktfNaqUpUSsuy4thR08licDFW66wYaxahYqgv4MXQHQCSyPbkhUFb/132"
"	林夕梦","	http://wx.qlogo.cn/mmopen/Q3auHgzwzM4WDYT8dXN9wEUibP6xbcBrXXqPuc7Wia02hOt1cibeic9j9KHXo4c6OvibYOuNeeYMKdR1HE4j4OOHHibOYtYHuRCCy3VABibVPeh2k8/132"
"	佳佳","	http://wx.qlogo.cn/mmopen/v5icrCibB8ontp3hiaiboaic0Dk31svWIRTUguj6BK25Dtibic03KruFda04nMBRo7PrxjqWlvMTVrNwCoMictCkMnLsAa6fpMRXoRPH/132"
"	小时","	http://wx.qlogo.cn/mmopen/ajNVdqHZLLDbNFFfBMN3DibmKUabx8OyfnxlZRdVsLyC8N7Qa2nV0OSknoJWt26MQfkExicG1tLq4ggLerNVSSDw/132"
"	洋洋","	http://wx.qlogo.cn/mmopen/zsUXYY6y4cJ50VfZtPwlkFJxRGR84lI02TzOrJk8pFURB7KJiagNNXGgnrfDjibQHllGXX6CZ7biaL3ia22aEicicyCwtuibmIBF1kw/132"
"	A ","	http://wx.qlogo.cn/mmopen/UF9ibjR5bYZoMFOggibXEiasBQphB2j4OjR33COp8ehicmszZ28S1nVwk5dXTUJEckhe59PQda1P6ndhguDkkDWnHhtNXAElSqye/132"
"	落叶","	http://wx.qlogo.cn/mmopen/UF9ibjR5bYZpiaEzHtHc49ruwP5gwmAD4Gyaia3PvuQDCjUBf3HZAcx94zBSstfS6AUHCg5XgY2UaIXDsYPIL4DQ6r7cHyDicOjt/132"
"	开心就好","	http://wx.qlogo.cn/mmopen/oVFgdumbxvmzhyknK5fl8XJINH71L5XmKcHEukoKYiajU2L9tpicQkaicJjibibG6rLNWtX4unMwSUeXlM1svkIvASA/132"
"	燕子","	http://wx.qlogo.cn/mmopen/QCCI54QUsCuDUFDHlhKLd1jyZU3u6rz7z2rtxqI4bx68Yu8Kx691HhwoWq4ibouJE3gAp7iamMOKVID9MElMphTpkfkDqeRfc2/132"
"	Lily","	http://wx.qlogo.cn/mmopen/Q3auHgzwzM4hHeld57HiaL4vTYonqAqRN34B5B5dTq54g2RZnfvk2H51ib6icJYz0o5A2bPdaJX4RkNFQpFJ8XYzGfThuZ2iaDgicj21kOqfcQ9Y/132"
"	，","	http://wx.qlogo.cn/mmopen/zsUXYY6y4cKsjMx8tsjIDD6L23xianAw7yl8j1q00ADEp3srHib1iap38ibEE1wSwldv6LHwtMyN50stmCPDExanic0Jia7WialxQ6c/132"
"	马章云","	http://wx.qlogo.cn/mmopen/UF9ibjR5bYZp3kkBZ5ggicFCb3hs3zhPuSmMN5Q30AFUF4EZsFXkhzRaesmohcXGo9PThoHfldXo1ObSYaC4AlODedL0XjCTmib/132"
"	夜风","	http://wx.qlogo.cn/mmopen/oVFgdumbxvn65icc7QZrJYkMiaUtLwM79QRxYIhqgJSDmnCzCVMcMfmGCPcgVRAMqn93Xk1RJBhv79ZNNZuldPQ816BFdIbqrM/132"
"	蒋阿雨","	http://wx.qlogo.cn/mmopen/LeOYyN8j2GVLk691F8NXUBRp4n7C6iaia6whr8n4laKkfGwbTJrXzcFMp1dMkAsUjOvP4GptZ4rBedN2iaro9UpOw2MYUmdFfK3/132"
"	AA手机壳照片订制胝泻献#","	http://wx.qlogo.cn/mmopen/QCCI54QUsCuDUFDHlhKLd4ibZa6aicpyhBibF1212IMhVaqWDAb3Pa4Gv7goL5UztqflqKQpay3beqbicArwaIeOk1SnVPz6OcBX/132"
"	陈明","	http://wx.qlogo.cn/mmopen/oVFgdumbxvmtZGrCrMLbiakcVWNXbWQicLPPhQ9aDNrQMboAVmVVmvXUXIUApBYQnpia4xAjgInUTUFgxBnGjtg0jVQ1pIPVSvK/132"
"	秘密","	http://wx.qlogo.cn/mmopen/UF9ibjR5bYZqBPbxKfILNCdvKkOPkQ0VIegye0hr5I5l6ialgw9n0GC2GfbYaxMVWHayicWdLoMLIqNcz9lTKcVm7g0B1AuY5AO/132"
"	水电安装","	http://wx.qlogo.cn/mmopen/UF9ibjR5bYZr0lEpibuh1ojPAf5DvlyeXib9SYj4sPcfunDEU1l3nMBbiag9oRziaRxic3RQibib65knrUgreiag8TzNWutYIGVRU1jay/132"
"	&浮锷橙A&","	http://wx.qlogo.cn/mmopen/LeOYyN8j2GVLk691F8NXUAIftvYiaIOGGZsjxDqK7Pib2iclF1Iwdo5yosliasuwBr0GgoqvJ4bGws3xEW5dv1B3Ql0pcPia1UloG/132"
"	执。","	http://wx.qlogo.cn/mmopen/oVFgdumbxvnjoAhV0licvmKic4yicHpMyApm2uDiaQxTlNLVlPlcCVP4ibnomnJHDiajAF1RA1prqgEic7ibxLE85CL0WF2RXKUVAMYX/132"
"	曾黎（懒猫）","	http://wx.qlogo.cn/mmopen/oVFgdumbxvmRylqlIkCJb5u11viaLD1wpEbD6fODzgPpIqgPTzFPMM4nUVVADiaibGhDGs4jiaBv2cbpCZLibR8o7sg/132"
"	邂逅烧烤@张挠","	http://wx.qlogo.cn/mmopen/UF9ibjR5bYZoMFOggibXEiasPu3tUm6J5rAhq9mQYeLIj1EcFkhAibPVzBxEAJNRibAWXaWeYVv3DzGLn1tLwdtlgsVYCLwCaHJXO/132"
"	百分之百厂家直销四件套","	http://wx.qlogo.cn/mmopen/UF9ibjR5bYZr2YIlyCAJbGsy4Ef4MztCSTD6iaL5Axjz0sVVokQte1qiaWpic1QyPG0yXiaQDwIzwbeLWb74giaJJWPkhSZAu0ibb21/132"
"	娟娟","	http://wx.qlogo.cn/mmopen/oVFgdumbxvkzjzb0loNSOufhWtohsYEQgXr1R6fJjkzxg7tRn9sRXPvMA0pib0f6z7XoEjM5lV5RRGvsWE0cPq5Tq0RtT6VuZ/132"
"	A成都0元购房，办信用卡   POS机","	http://wx.qlogo.cn/mmopen/n0jvGQticyicxa0z1exyWSSl9D7FEdOTwm8z1z1qbPRwEE47MzWYevcATve9u4oRv3tfl5RegRFuAl3HicB41c8uAEbbkAmX8Dy/132"
"	卡里朗斯马","	http://wx.qlogo.cn/mmopen/zsUXYY6y4cJicQalO8iaJsOicN1IpJumpxgX7cn5tjPmLickhcg7ib9afegKr9dDt7d3zSpAnxic2F3lID43gTZY75Pf3J2icXW0OvQ/132"
"	大众传媒-陕西省总代理","	http://wx.qlogo.cn/mmopen/zsUXYY6y4cKsjMx8tsjIDAtJ5VsfSC8FxahII4iaBVmR3BayWTnbjEtlHYN2oD8g3gktQU9H1sKfx9o0ANc3TJpu2bjLq5uBB/132"
"	大众微帮-河北省总代理","	http://wx.qlogo.cn/mmopen/LeOYyN8j2GXwD9fEvhM4pfyMiapsIkiauL56HX09tkKPC2sQ0dNQ0DRIW5QxsC0qny8kp9chDsia6UibET7DG8M938mePjiagZnhC/132"
"	南平市总微帮-免费发布便民信息","	http://wx.qlogo.cn/mmopen/LeOYyN8j2GUujpbsfwicGosI7m3wCic5udtFdviaPfkjAhFLWXOJj4FwpILFOMHecmdS3jsvkWtlYyo8DlL2NgWovfjvLmgx5iaa/132"
"	静*^O^*静","	http://wx.qlogo.cn/mmopen/UF9ibjR5bYZpM6tLZD9HB87rCPNj6X92QsoCFgt6Ug2Uqq1KNpgvH2UHh3nbZwWV7INRFINsYfThRWBmWjxkdlZVJ6Ufk3XnJ/132"
"	Fred","	http://wx.qlogo.cn/mmopen/UF9ibjR5bYZo9PDyp4avQ3GuiaVoicMSwYJSzMEgIBiaAcOwsicc8ENqvGdNAh8fI71Ewyjpm2icBXkKnz3a0u8iaC0hicTURRDV6n14/132"
"	熊猫       ","	http://wx.qlogo.cn/mmopen/LeOYyN8j2GXoq0Qlu1sdRCtfgSGgjljNwPlu9uA0Fe0oTemmavRDNT0EibIavQgGiaicI8fklAiaXicC2z2p3FyMIKkVkM9hazUwl/132"
"	A周俊","	http://wx.qlogo.cn/mmopen/UF9ibjR5bYZp3kkBZ5ggicFEewthMKichepK7u0ktaPOa8SvNe0vJyDibkuVVCqyTicfkGkEQbgAn8Ven9ibyDfMYckaUwHibpYmd1f/132"
"	媚娘","	http://wx.qlogo.cn/mmopen/LeOYyN8j2GXtsx3G3libEwjXlW3tUicHW0vjZRSzHlNQJIo6nPreZCic9RHykibdsaV2JHKmryacAImM8jwZnbib5twYgFPjmiaEicu/132"
"	【TST庭泼堋坷钟昙易濉梦柯※","	http://wx.qlogo.cn/mmopen/PiajxSqBRaEKJx1V5l3jN9WcNH5tad84L6KVgpuTZJvYoTO4f3ic8iaH7Uk3kAk5RfjV69Wiasx14oicfjuhgM6p7sQ/132"
"	随心而动","	http://wx.qlogo.cn/mmopen/Q3auHgzwzM4p9tltGf4Qk0ibeGSpd04LIW1H18rwfManrrGnWNmCb5WVnlpoHmIBY7jv5CickV4ibiahzjad3Dp1wQUKomcIS22iajYDTHw4wiaGo/132"
"	骑驴赶马","	http://wx.qlogo.cn/mmopen/UF9ibjR5bYZqcvaN9zyVLH2otuaWibt9qlMA7ibHBFRezA8ibsWqcAydPvHCV469bmo34Idibxfyic3mynsu4n14RlYOJo86VWN0Zs/132"
"	睿睿*^_^*","	http://wx.qlogo.cn/mmopen/LeOYyN8j2GVLk691F8NXUKEDGSvhibiaFddjIAgDjj5Ho0ppZyGffNJTevVia5BricI4E8mNOibHdk50XXFP0H9VB5G8k0Y8uHfxL/132"
"	??燕梓【和我聊天会发财","	http://wx.qlogo.cn/mmopen/LeOYyN8j2GVOMnrUC1386MgduLW3R5kc3m2PvibvpVuEX9rmcdibbBG6LLibFkfb8h6vcNxgbq35z6vN6XlQ7VzADJh8USibYINp/132"
"	晨辰妈","	http://wx.qlogo.cn/mmopen/UF9ibjR5bYZp3kkBZ5ggicFORu8Sd4ct1N9AdpuN37usDNIg99luPhPcjgztIVoTGUbzG13iaJWLkfqIvPOYFnCnne2vjqLTrpO/132"
"	甜心","	http://wx.qlogo.cn/mmopen/zsUXYY6y4cKIrjgPQibeX8TPuAtIbvvy1fJK3h0c9kL6rFMKYxjh2ExZbrYW9WFsjd5Bdicz9UmscbJxxGJtO9vw/132"
"	江贵华","	http://wx.qlogo.cn/mmopen/oVFgdumbxvl1KlWfhEfILlcyEKhlcuCnjrBoMrnqJ06Ms9ibfTzGskv2TdFX6OmOP5VHV7ejDxnHD6dLSAJArZiboSOrlsC5UG/132"
"	海纳百  缘","	http://wx.qlogo.cn/mmopen/LeOYyN8j2GXpCMujtlRcutibQhlibQ0g7ic0ZKkIz77ITSEIgiariarribciaklgtXseMdB2eYYKhegogJwf7ocV9doawGoGcWmLScd/132"
"	??易冷??","	http://wx.qlogo.cn/mmopen/PiajxSqBRaEKaC494ufgHKNLZk1IicdEbgPtMrhicRV7LH888RbqMFkVK1rjGQU7h1dWSYj5OUn8AwibpM0GMvb2ng/132"
"	武","	http://wx.qlogo.cn/mmopen/LeOYyN8j2GXwD9fEvhM4pRgrhFNU0IOyuoeEtpO6Lp5uEdEcF9D74YXprxoReKWwy3tibIhcK7c8gA3s5kAcXr9UtlysxYicjC/132"
"	大众微帮湖北省总代理","	http://wx.qlogo.cn/mmopen/Q3auHgzwzM4x2YCPEkmuIFvusGqzicwYmuqe59Y7xbR2wbZTwAJ72cJPT31ElUNrbk5J0Oqrbzd7B2ic5PqzUoYyALzCF1ZmlVbHWCcbSu5cI/132"
"	老鬼ㄌ军刀","	http://wx.qlogo.cn/mmopen/oVFgdumbxvlAyoWFicE7FnSZpWzWWia1ZibiaIqb17cZQranBvseIYYkO6KCvacj4rQibnW4ETmxWwDVFNcUZW7Kj7mXanLj4VVKY/132"
"	蕾疯 海南水果直营","	http://wx.qlogo.cn/mmopen/zsUXYY6y4cJumyACDPauFPHz6Rjwu0Y3icSDumL0RCr3G2ngbUnJnZjrpaMdCnaG00vye8gxwUIabSyCICdZGNA/132"
"	A","	http://wx.qlogo.cn/mmopen/UF9ibjR5bYZoxjzdaL3vpmY5ibU0awz7LjjUafv32QRtia55SZqyRLk30pUnKVgLpjhsFhhOoWsHRuQb6BqHdE2OCQwGniblxYOf/132"
"	太阳的女儿","	http://wx.qlogo.cn/mmopen/oVFgdumbxvlAyoWFicE7FncTeEU30Z3uOdLkibRsE656D3rrVQnINHdtKyHjjJlsRNtqyUyPWQNlLG7ZS0hFj0ibKnJEBODmAZic/132"
"	??????远。航  ?????","	http://wx.qlogo.cn/mmopen/oVFgdumbxvlAyoWFicE7FnUlWs7M37sDzuCTbWA0xzQGIicq1DAQibrCqlriaSKvk5hQmibJK8m31s24BS1fNfexSchNMbKmboHic9/132"
"	蕊儿","	http://wx.qlogo.cn/mmopen/Q3auHgzwzM61BeWmJvyGA4NRv5k82ru0nBghmkVsZT9C1nwENr2Kv9rgMk3rgA0j8U2abxibUXSES7K9HGVnZicrZDSm1es6V5ib0mpg3FL0jY/132"
"	胖2橙","	http://wx.qlogo.cn/mmopen/UF9ibjR5bYZoMFOggibXEiasD13ibIqBRnK6Uf9B25Dpl555Mfib588rgaYPnsEKEZlnBynJ0tDXFXENsNrs4UMnnh7wKYSkdM4ibM/132"
"	 呗湟吨秋","	http://wx.qlogo.cn/mmopen/LeOYyN8j2GXwD9fEvhM4pdXaSia9kTdYGDzgE3icVVIcvKy38icFuDClrrmbLao8RP4FF2CJliatDxSFf1SP6zMtibcZKd6kcmDr6/132"
"	欧尼","	http://wx.qlogo.cn/mmopen/UF9ibjR5bYZoAxOuWaBU1uibvl8w2icarZ8b7hoK1E7Qs4bCsGf2ME7f4IicMX8bUvAybaor2Y7mO1Uq6DXrTucKxwLMKbbJXZrF/132"
"	《★姿哆Z★》向大大内衣","	http://wx.qlogo.cn/mmopen/oVFgdumbxvlAyoWFicE7FneicKm1yZqVmq5ww6ty5ROy5CIW2xX1RoSCGianJ67HSyA3kgO365cPND3ptTEkIh67ufrx5NANSKb/132"
"	谛判模人生百味","	http://wx.qlogo.cn/mmopen/oVFgdumbxvlAyoWFicE7FnZrufNujrcCbZzWev0MV3ZI3ibIvfD6vn25eutougNhcktgCPBxrRdtKTPLkUhmARnRibroY29RGsY/132"
"	八宝粥","	http://wx.qlogo.cn/mmopen/oVFgdumbxvlAyoWFicE7FnbSRjTZNUjYqLkJ3kyxfSnwoiahDCVh7tTFia3TXknoZJwR5nFOYs0iciaiatHPeBaqUtOLNkPTBrPiaQB/132"
"	A","	http://wx.qlogo.cn/mmopen/UF9ibjR5bYZoMhvlfTuib5I4TGLzNoVudxEOFxbxHGhpv1tENUMXpdYr2b9TIUjIyPVR2CzKTy6xVPps74uYDYmxDphOYUWSiaW/132"
"	A冲孔模具弧口模锁孔模13202865952","	http://wx.qlogo.cn/mmopen/LeOYyN8j2GVLk691F8NXUH5WkKFPGCCiaeGhfuPAib5F4yQlpwcLVQzIY6wruPG9iaTK4YDeTSG49JibzVoI2jJPBws1cTKheXJ3/132"
"	Ling","	http://wx.qlogo.cn/mmopen/LeOYyN8j2GVf9JibZmfiblOm9psjRBz4sXiaEfCx7IOZ2Pl6BPHCO7afmMNQqcKyEVQ5gQfOg157d9ibibX4MKXibPDg/132"
"	彭木匠装修","	http://wx.qlogo.cn/mmopen/LeOYyN8j2GXwD9fEvhM4pQYMRG4miaq3AEl217mia3HHHtTwh5b0CCNJgjwFXDweyeyydIgMJtLKktx0Mz7xMatymxSAhStdGic/132"
"	A.瑶け","	http://wx.qlogo.cn/mmopen/UF9ibjR5bYZoMFOggibXEiasBESdw21yRibqS5AYUrELY9ZqYZBIcaXCLg3XZ6sf3QbLIy9l1LTyIsYR2W4UmW3nc7l5ujhmrjicz/132"
"	小","	http://wx.qlogo.cn/mmopen/Q3auHgzwzM4POJznUVB3oUX1pSI9EeFpO2qdQPiaFUNzovuUMODBMneXFYWe4zeyTyOb0pqvXdPNVUh6CIw5BJCxroDSDIiaOYm26OeR06g1w/132"
"	棋棋宝贝","	http://wx.qlogo.cn/mmopen/oVFgdumbxvlAyoWFicE7FnShW4xJ1XdXYYdiblnicMfYeriaArOKxqDwkuibgt6tkQ9lxqmpTLB3mYTAXHIicoyIxJA38yl1iaQtr3P/132"
"	归一有机牛奶","	http://wx.qlogo.cn/mmopen/oVFgdumbxvlAyoWFicE7FndqJNyoL7n7s4tLib6DXW5XBLC3FCs4CDEBammXdsWc45QsuCLOh66nlVPEWPjAiaOrAVP9iboQAQG3/132"
"	商南同城信息港","	http://wx.qlogo.cn/mmopen/QCCI54QUsCuDUFDHlhKLd3pdbLEKGDYg2Fg86VhlWUKt7uIahVJWbQGCXeeUWs23tqmpFuiaNGJlLO3DOk6RsmTQuFusX2SBc/132"
"	小鸟哗哗","	http://wx.qlogo.cn/mmopen/UF9ibjR5bYZoMFOggibXEiasDIHhaQblbYr7F7Ftm5ESUiaT5EVXkzibf2yU8ialJfNA8D3w8kx4bibJia1Zj94C9z6Tp0I4hdBIKL0O/132"
"	冯康华[精彩人生]","	http://wx.qlogo.cn/mmopen/oVFgdumbxvlAyoWFicE7FnUkpnj4p3mJrMzfibY8xkFSUcMoew8MN1kcht1bWpyVjP4AkDCkueoNCicT30zFaYJUaDrMlxePDv0/132"
"	【配哥网】～张军锋","	http://wx.qlogo.cn/mmopen/Q3auHgzwzM49IUnepPcWhYSrJBiaxBibCVXhSw4jbPxQY8Dn3nicNGXglyQ7QTGXsDKJl05KrDKcVQ75qXR0icsGPAOzV8HeYcNN1Sr13R0nBdw/132"
"	快乐人生","	http://wx.qlogo.cn/mmopen/LeOYyN8j2GX7VzqiaKBqJmicUMI2UhD43q230NXvcMKYr39sgcicDP4FSTrs3sZcGURfibt6gPFMwXqMy5nNrwRwIVyBiaPicDGDqv/132"
"	月月月","	http://wx.qlogo.cn/mmopen/zsUXYY6y4cKsjMx8tsjIDNNBcLibPAibgibEEzUsrGTCtXGibzLERYSqKwCrKopFbWp1ypv1DJYD0Vby7SmIX9lc4MncfLIH06Ps/132"
"	淘之~~~","	http://wx.qlogo.cn/mmopen/oVFgdumbxvlAyoWFicE7FnW8aaLqgnbjKzYCjF6HtunX9lJfQ6fE8Iv290mAjbnJbXTz768vhxokiaiaAKsKtzicdtxpyB3aaxQQ/132"
"	王仁","	http://wx.qlogo.cn/mmopen/oVFgdumbxvkMPlVELb013X00qFBkEsal7BUkoT22JCVUguicCYQolQxQvYQHpPrdLLEbPvSohm2LJW0nric8ibKqsPUFicNbOxFQ/132"
"	lee","	http://wx.qlogo.cn/mmopen/zsUXYY6y4cK4DvOBDWfQ1XA5IPCrM7GicJcZr96OBeKrDEldtxlZMsbCZrynTm2msodUe1oKrvxY5Xr1sX6SAog/132"
"	intering味道","	http://wx.qlogo.cn/mmopen/oVFgdumbxvkh31613FhV8xjicbwYprwTw84Bqcd5Hs59nJribkb7DwgVJ2AYYF4QYa3DSj5q8ADzKSP0BTwu7j25uia3Lib3cQsT/132"
"	诚实做人，诚信做事。。。","	http://wx.qlogo.cn/mmopen/UF9ibjR5bYZpJPDRiako8PXWcv2W5b61rLypBhcNm787K2cC9pcmUPpiaCRjlvRHqrRVRh6neaibVKsOGRAMH6FJjA/132"
"	Corn","	http://wx.qlogo.cn/mmopen/zsUXYY6y4cJuUYQhR2Rib3bkJcS65KQL4x7xEtEvUf8SAIMKDt4wcDBiaj9cNFUaQdSXerxPmAY6HwJWLGmHpG3A/132"
"	自由~精选速购招商10元招合伙人","	http://wx.qlogo.cn/mmopen/PiajxSqBRaEIpZeyQ2TrLpDBCDZ6z9P1OCe2EOtnsUa7kDFFIs1UVdt9UR1FCH0stH4rhmIcGG7fdXleIC4TzuA/132"
"	主意","	http://wx.qlogo.cn/mmopen/Q3auHgzwzM47laicNr5icQh8qDwDe1A8pxPJGyeSUbQ5HMUcVibdXeiaG4Zic5EnEticCJQiaUbD8Aoors158uMtEcDWJia1668Y3l6JlxGzTiaCpfYo/132"
"	lian","	http://wx.qlogo.cn/mmopen/UF9ibjR5bYZoSUKY0Lv2cic55AxxXZKcB62wdWefhADbnxFqZJYllFicc43qXhZicicegL40XvNOe7tzajqllHFibiaia4PibWsOqStI5/132"
"	南方","	http://wx.qlogo.cn/mmopen/LeOYyN8j2GW3aSWpialV9x1ic0l0DdPhhXUwDROibz6f8b5cHJxK2hiaFDOpoPI8XQBQjiaStJemjibMyOQ5VkiauGibe26nxwEtq5ph/132"
"	乐","	http://wx.qlogo.cn/mmopen/oVFgdumbxvlAyoWFicE7Fna6zPQAuBKWJ1l27Bb8R5hl5e0DRHoLicUuiayKQp61VMsOP0DbRLbIIwsTrhhxc97xLEtOFBjUUwX/132"
"	G.X","	http://wx.qlogo.cn/mmopen/PiajxSqBRaEKBjVlib4JG1LNlBkChT9uYAAZacwWQ6MRmlR3VMzPrOCXrWQ3fIicvEMmWOAuMwEngtae7ibjSNhudw/132"
"	渔沟奇石博古架子","	http://wx.qlogo.cn/mmopen/oVFgdumbxvmVUb3XrCWpvk3XqXsPbdoKRzbaO8374PcPBVf0QBmeIBuWKhSKdRFBoxNerRiaZibQ8V5ELMIHpGAKCvO7RbMaZl/132"
"	Winters","	http://wx.qlogo.cn/mmopen/PiajxSqBRaEKspZAunlSiaN2I5ZWJoiaGIvcsZQ3joJMAiaCzoOwcKRVEv27mXJw9XxBMtQOxtStgrLoIfvsvlrxWw/132"
"	Jerry","	http://wx.qlogo.cn/mmopen/Q3auHgzwzM4POJznUVB3oUX1pSI9EeFpx9rtL2NhfpPbMw8zm0QmDKwQbnUmWVzLndsiaglOialKX1dvLkEkcf2HpkwO7jADhwm1gr68voUQ4/132"
"	佳og","	http://wx.qlogo.cn/mmopen/LeOYyN8j2GVLk691F8NXUIwWFLymwYjk4QNAuA3HkOasQ2QnQlRFw1KnibrtT2TgZmmAPphlOA2qicfEVkiaiaZJGCHutD4G0OibS/132"
"	管理","	http://wx.qlogo.cn/mmopen/oVFgdumbxvlAyoWFicE7FnXUDmtnwnSXib6lDiaia5IGoKAGCNAycPVuOAPycW9cvr6FXDmBKFtRibSca4qQnR2HPYcD83mrJB3yy/132"
"	国内代销^^","	http://wx.qlogo.cn/mmopen/oVFgdumbxvlAyoWFicE7FnbibtCn56YyicoIial2hNFvzn3QuhLgtD9esYSOpkcJS0WT886HvvQVFkWEntmP9xxXZoGeca18ZCLe/132"
"	这么近，那么远","	http://wx.qlogo.cn/mmopen/UF9ibjR5bYZovBRDF59ibfzl7hDwIHjZfmkLZGBLv1ibDuryPxUC8WeeBrnNTV6tr9OfhLfCYqm0mM21zRCyBhO91ZI2zibhyDzM/132"
"	芦苇 咨询请翻烂朋友圈","	http://wx.qlogo.cn/mmopen/oVFgdumbxvkZfKia8FTJgWpibVoN4cQOm0UK3bfqXFH1siazoibYqS7VcqJ9fbFvwvGlADG594vJhEKCCOSI1qpHrMUicKgaibKXpE/132"
"	脚踏实地","	http://wx.qlogo.cn/mmopen/LeOYyN8j2GXwD9fEvhM4pXNSmnDsZ7HfcRsh1hibd1BtDxTn16fPBfNklLtC2PFFpjXH1T3msUDegjJy7ecehx9ibFLLvyiaAq9/132"
"	贵州微帮传媒有限公司","	http://wx.qlogo.cn/mmopen/Q3auHgzwzM5fCVdq1ibcCFNZPc3M7XPibXiaWNkQP8Mhx1oFJoyVQJXJCKvZxL2DQ0VYLaxjeMm87Jib0lVzoWBRrA/132"
"	小何","	http://wx.qlogo.cn/mmopen/V0z3AYUFicNdvVCdJv989NOiaCwhfhNPUyEyBjrDk4aBWslFdKBaDOsYxIibfyasLWibIOVpbc5WMXTowsgqS4ZEiaCibB42I15YYW/132"
"	 【咨询请先看朋友圈】唐糖","	http://wx.qlogo.cn/mmopen/ajNVdqHZLLDWnhdreSm5cpxj4k084q92Zulh5hFRLNtM54h8tXicf7p3rsGNlMD0ycNqPWZNDejiblAqQudx7APw/132"
"	Swallow","	http://wx.qlogo.cn/mmopen/LeOYyN8j2GVLk691F8NXULJBy5auE1JZfEqU0q1r25SZfQdXoXf3J2NRgmXFgtm42Py7XIs0YIE906HdBnJk1ibJ1DxLpUTLG/132"
"	若行配你到牙齿落","	http://wx.qlogo.cn/mmopen/UF9ibjR5bYZp3kkBZ5ggicFNAsMEgibUeObXYNf7JOGegfbsvHDJLgqXnKbucZ9NXiaO4hEzvHTA4R2E26ME6iaB0NW8RYG7RuLpT/132"
"	有米圈","	http://wx.qlogo.cn/mmopen/zsUXYY6y4cIRW7CMc0tngj5icNH3ccpYITSIAhyNzpxKoJHfMQFaucF0r7X2wsD6BB6WXPAjMwmHJhI5IibicBsfg/132"
"	名剑","	http://wx.qlogo.cn/mmopen/oVFgdumbxvlnm9uzCJrhLzdoWwYbC0iaFtBJ0sJUam5FmriaP3S4vfVKKeJTibM9iafnh5zo3ZsficvDRngMZibGb3qwcO8ia3JycCE/132"
"	千年沉睡","	http://wx.qlogo.cn/mmopen/zsUXYY6y4cKsjMx8tsjIDGticMaFPyvU7icO5veYyyggo2ibmHeG9rqFtZ08XEk4rIKpbK2Lv62icQbfNVWibYzFrsYvPdKW4Zib3t/132"
"	ag","	http://wx.qlogo.cn/mmopen/LeOYyN8j2GWwIF9K3gaP8QuXjtyzIjTtnpbtScmCJULPcuB5RzjS8JicRz2XgL0qzibLTN3cfoolHjrib1yfsfBOgmy9lTpicaSb/132"
"	共赢团队","	http://wx.qlogo.cn/mmopen/oVFgdumbxvkzjzb0loNSOoleibYx90axxMoq2LRczicl3MZyibIMTe9RKjzk8oM6dmXZqPqVu55SC6t4xFN0E1vQkYS0FhsnBh2/132"
"	钟美连变色防晒衣","	http://wx.qlogo.cn/mmopen/LeOYyN8j2GUHcG7oXIjsvTS0sOSGsv2E1eb7oHtMco0zt4ibKktMShzB38EUeuyArleEUMadQoibrmPZnymE7hrPbBhTM4r73c/132"
"	《平凡人生》","	http://wx.qlogo.cn/mmopen/UF9ibjR5bYZrFKaBJQiaCtUaN0ay31S2aehRTQ5flDyavJT5e1iajmmMialRL530AhBTnXq8ET7E0icib6VGibGJiciazuUGCXqW6IHKy/132"
"	空桑梦华","	http://wx.qlogo.cn/mmopen/oVFgdumbxvlAyoWFicE7FnWHTIFjwhunRey0icHsNgyVwgKBFZwXPpKUqCEL1dpqhfpJ0RVDAQwv96pnGdoydeuQcb5xNqo7Ra/132"
"	小刘","	http://wx.qlogo.cn/mmopen/LeOYyN8j2GXwD9fEvhM4pV4NJDZiao39zTLPsYpqjeVKIfYkwtCicK4gDWMIUdNNjhAPyYBgPO9YjecUoicmVScxzVybbYlSicac/132"
"	老德","	http://wx.qlogo.cn/mmopen/LeOYyN8j2GVLk691F8NXUHQa0PHadAFg8x7Su1ibicticJoRy6vqkZjfs2WJ3dSbC92LayBG6hmUsxLVo6duBtDzA2RTnJ68gbW/132"
"	^_^^_^s瘫w疯宝","	http://wx.qlogo.cn/mmopen/oVFgdumbxvnqxZOjEU9lWw6mCg2rQl9FtliaibmA75FNFanET1oA2zqOmibs8pNXRGoJQtr8F7UK026IVDkIUwKkQ/132"
"	鱼的第八秒重生","	http://wx.qlogo.cn/mmopen/oVFgdumbxvlAyoWFicE7FnRJBwcBvlSbuDwOZibjxprYokcpObaSkksZXbu7Vyh8810q6y0PD29D0Bq5nmtc27qlw88yqln8ql/132"
"	小茹","	http://wx.qlogo.cn/mmopen/Q3auHgzwzM539TaywSTgdsVgslKtax6RtnGX3AiaeFEKibqaH5yibKF8hHGINYXP5VYibBOKRtnfvxRicw37UL1heRw/132"
"	男人本色","	http://wx.qlogo.cn/mmopen/UF9ibjR5bYZpdCYkQsOwSFmQg4eX2oZ7uH1GrMfsh78xe6YL5Dshnp36KicbbSiar3dKbickAkI2HKnKLdia1qXvCZhKZ34qKhZA9/132"
"	点点","	http://wx.qlogo.cn/mmopen/zsUXYY6y4cLdKPeiatkMpXkTicn0osufaTAQt3TFoYYm9rDFO4xtZXSlcgHhtY6w0SaWzCZ8lAjoibp7faQgRFQUg/132"
"	话费充值代理 ?  ","	http://wx.qlogo.cn/mmopen/UF9ibjR5bYZoAXsYSCzSGOwd1z2qVyLW7FhiavO6YPgbCJibZGDWEOAiaOEA3XZLgqyJH2bfDA1ibDcgBD9Lia77KOYcGAZFYtpQEo/132"
"	于国俊","	http://wx.qlogo.cn/mmopen/PiajxSqBRaEKaxBmXJCYWLcOqMAm69Zvbg0ibG7Q75kVr1dF5x8GMkJZQlRobdHsBUnhufGWoH16I1Pap9oRDw6Q/132"
"	阿","	http://wx.qlogo.cn/mmopen/LeOYyN8j2GXwD9fEvhM4pRicWjROn3aUpCj7hQsib2DwtdWYI27Dxru5apxFncPI4SHJBiblEH7WOlkZGHNicZibucicLnQ5KQMmNF/132"
"	我是王晓明","	http://wx.qlogo.cn/mmopen/LeOYyN8j2GXpL8MEYwiayVn8v3UzzxYw0Oyf92C8vODiaBKo9wT16cdBRU5MLP7CGxrNEmOG6ymDIic7sAHQTP3IOwiaSF6McTtk/132"
"	A 蓝月亮（咨询前看朋友圈）","	http://wx.qlogo.cn/mmopen/oVFgdumbxvm1Tn8JicQ61FLhAKlhVTvnYKK2skUT6vnuSscgz0Gt1FCicxoaSNuQGrKQhbpeg8rL7k1EF8222KEG6KSVpbMrgn/132"
"	你才是主角","	http://wx.qlogo.cn/mmopen/zsUXYY6y4cKEibnsxUCYaBlXQRNHicib9TwE5CVv6byiblrygFiaeeiamshsjsfhsSmhgYCX1YYupkuFgoUNiaQRR9gqarZgSXSl8Br/132"
"	薇筱","	http://wx.qlogo.cn/mmopen/oVFgdumbxvlAyoWFicE7FnWRbqAhf2IQcNkO4kxcUX7oXfjcKkNJBg0XjE8Nvz2NfUutJ3usaBQicj3P0HWDxbxQquFKcRNtCV/132"
"	仰角45J","	http://wx.qlogo.cn/mmopen/U11S6ONribvxNJbCbH8kvKgltfWu3IcQdPUn0dBC6ZoZb9w4EOeGcsVfLnsGfMflNiblq04Y64U5H0NTuFHZbibiaUiaicI50Xpx2X/132"
"	?","	http://wx.qlogo.cn/mmopen/oVFgdumbxvkzjzb0loNSOnJn0AcTeMeGI2ot2UA5xN0jl0lMXAVNvfr7BQib4Nz9tytE0xJKC1ocbIHPkoRV56Viaw4fVkKJA5/132"
"	德升 廖兆菊 13886768011","	http://wx.qlogo.cn/mmopen/LeOYyN8j2GVLk691F8NXUBXdvibJJsdWA4L14IBqqeQyMbR0dOPJnzmKQ4zLMb3fONIHWpASZN4sohPdjFqzyL5BSAYyowq4v/132"
"	@小女子A","	http://wx.qlogo.cn/mmopen/zsUXYY6y4cIseyJ8bLendnlwOtSFibQEWybogSYFkAUAHgG5hAljPzKdlicRoEKZw7IS58XPsywLZE13XxjsjCjA/132"
"	大众微帮四川省总代理","	http://wx.qlogo.cn/mmopen/ajNVdqHZLLA3sK8R8pCYQfyZnDIXo21j6PefFahJZmZlCvOX7GObMloFc8ZfE4x8Llt3dLWKk6hNI9zhgpBI4w/132"
"	Top-【市场总监】一Kevin","	http://wx.qlogo.cn/mmopen/v5icrCibB8ontp3hiaiboaic0DsNlVKhiaMceNzKtU6DHribcuz20Y1RRmekL4y7oHlNjqR9Lcu99byahbnGWxj5b72DfBZ8nwAtYiaU/132"
"	九妹","	http://wx.qlogo.cn/mmopen/LeOYyN8j2GVLk691F8NXUImLNwrto1qR5bz1icx2lZPQnDJSGQdy86mn3mEqPr8ZbUHzJxRBS1oR9mQGJYWXqf30biaWRgzRY3/132"
"	A-诚招代理","	http://wx.qlogo.cn/mmopen/oVFgdumbxvlhOQTtbSrw3c7UK235RQ2iazVoC1hNoN1LvrcLQfTdV3YGur1iavsO6M6TGicqpsfclHCypSIu9uKibCPD52Lf3hPH/132"
"	t嵛抟┛删取","	http://wx.qlogo.cn/mmopen/zsUXYY6y4cKYk78fic3WrSWZ78YVG5iaQpjRVjLF0Y7zgdgibzLcFeQ1qZQWiaZXiaflK5cby5pDtpkeSXfOeLWpNdwTJQpCCJ6hQ/132"
"	馒头 带你赚钱","	http://wx.qlogo.cn/mmopen/LeOYyN8j2GXwD9fEvhM4pT91DPGWcfo9uibACZOIcxDaZcJ7jWDa3dOEA7Iz4vIqC7Vo4XjFicB3QOrEicGNqo8ia6OXiaBBrV5icq/132"
"	☆赵玉飞☆13714737564","	http://wx.qlogo.cn/mmopen/UF9ibjR5bYZoMFOggibXEiasLS8fplMibdFJUOjv2Ev3o9yZQJ5NEpicQoh0deN3wUevy0fuSOWloP9rV9lOn8lH1vrwPnEjvdtuC/132"
"	韩天一婚纱客户部樱子","	http://wx.qlogo.cn/mmopen/oVFgdumbxvmLwxv4sOgcYqdMC6k4X2eWH7ygr6l5uhRIgbZQAcq1m7feCC0EOlNp84MMx9BM9qlxD3PUscJTQxtc0hcKu9ks/132"
"	molly","	http://wx.qlogo.cn/mmopen/oVFgdumbxvlAyoWFicE7FnXB9sibWj4uibUjiawKX5FFSSUsrXiamFpT2XBoiaCjb4bs9w4k6icyGBFJMDQNv2exNoosic0zmqsshdLB/132"
"	喂。喂。喂！","	http://wx.qlogo.cn/mmopen/zCwEmI7EIhpyEibDhUeXoKd9K0rGCDc4z3ADxvXKSSfEYynJ39f0JxTyEgs8705QNfQlpicoSPCFsDFNzF7ZfJqgjcgThpHdl5/132"
"	小爱姐姐","	http://wx.qlogo.cn/mmopen/UF9ibjR5bYZrXMGwy9MwVYCOyhSdQajibcD0gnbDDqDibHKjrLoYlg8AwhVGZxxZnPEW6Bsmm6TtibvLYFWC8WBgu1d6XQjOQicPP/132"
"	箫 羽","	http://wx.qlogo.cn/mmopen/UF9ibjR5bYZoMFOggibXEiasMmmYN5PuwPkFibKn9WNmeiawWcoosdLW0mBjBIE3L7L15QwzuNgITe12kGDn7JSTaRq7KhiaiaGhZpk/132"
"	(^_^)该摇还得摇","	http://wx.qlogo.cn/mmopen/oVFgdumbxvl4QFWAmmvZVpafia1Z8gtAibibZAo2YfJBN8uCciaibXYwwWENduUvjYcvuN7z6t1CFGkbpzz9loOs56tfNDnCy65C2/132"
"	宇","	http://wx.qlogo.cn/mmopen/LeOYyN8j2GXQcic3KrN0To7f1H584NXNuZyhpfoI8eO2XDiaTtp1tmAHo3egibibXGm3nkwrEFOy0OIKvU9wRBibv1ibwwHG3ia3XMt/132"
"	香港幸福狐狸内衣招代理","	http://wx.qlogo.cn/mmopen/zsUXYY6y4cJSjXaiaJrTqxaxQBI1PodRHHOiaq8tEYYvPzoPM5aHe4FSdWt8o4mte8oNibsgxScvibEfL3ywEpgjoYMQrbrHQrWL/132"
"	晨曦-瘦身成功","	http://wx.qlogo.cn/mmopen/LeOYyN8j2GUkjEB52EarAHx6NV1H4ft5KHWBR52pZfp0Okm0ah2YAVlibvJkOphmdVZY7m1ZnKVt4efCtFblSgsuUq0H5opWp/132"
"	&田文u","	http://wx.qlogo.cn/mmopen/oVFgdumbxvlAyoWFicE7FnVEcTAKicmXlCEf2ictWMUbpuX0Awxv2e4qiciajG71M9fQibjqKIPw7hD6IiaP47icqHI5erMbPiciauEl8R/132"
"	李家滴","	http://wx.qlogo.cn/mmopen/aEu576q9H2eSia1l5fZk4ibDgkrvKJfYq8hicC978Y1sPFjuCf2UddyLyW2V1IB8HUZOnFXEdlRKNKafk2sIPU1HZzcXaU2SeyG/132"
"	A吧航航41130","	http://wx.qlogo.cn/mmopen/UF9ibjR5bYZoMFOggibXEiasOrkowDRickbNxzvPABeK3M39bAlWK7DibW51QqFrOexvvLbRhXB4dndJxoHqOZXmYY5bRh8icyKycR/132"
"	A欢大大","	http://wx.qlogo.cn/mmopen/UF9ibjR5bYZoqS0xb1gMVCuPUb6r7HyPIPUZ5CLq6EXvE7NHricIW9iaM6VbNDicQO3LWnULnpfKX4kyYianKtw5k1BIP7cyOicZqX/132"
"	陈国锋?","	http://wx.qlogo.cn/mmopen/UF9ibjR5bYZp3kkBZ5ggicFDrXT4GF2bOn4jiaOyUBcYLr51jOWozicVpRPkV1P99RSal3zXJawWiao31bMOtibEtsrOUPL2yrT1EU/132"
"	林汐","	http://wx.qlogo.cn/mmopen/UF9ibjR5bYZp31p6epsrZlKnduljvVkCjh63gbnFkBa2swbnHibPq8NjMERg2artP6FGW018ibjGZqicmXofjSbg3GGBVRg3qKtE/132"
"	李春明","	http://wx.qlogo.cn/mmopen/LeOYyN8j2GUtC4b2UopGg1ufqeoMyVRNkz2r4EpSHWpK6yQYmKNKiaHCRJA6OUUxqLnlGN9he1MCl4bcqSKcNeaaF6ib0NG6Y1/132"
"	彭冲","	http://wx.qlogo.cn/mmopen/UF9ibjR5bYZqIjeyGYiaYAce1vVJotzqyCxtQG0TaHia2ab7G9mHyqiaORIMUicERoia2DNhOwyNg3zvAYktk3bHnsbB4j0uTxHbYz/132"
"	Cao","	http://wx.qlogo.cn/mmopen/oVFgdumbxvlAyoWFicE7FnZPcA1ebH1yXib7QsN4L49GVgjTCmkV0icCkqiaIBBF7zXDA0HRfwCyD93rn4e0UwI0yN3z9aXdib2oW/132"
"	万家帮","	http://wx.qlogo.cn/mmopen/oVFgdumbxvnjoAhV0licvmMgkicVOOGrpDoZEQSEmPj70n3j6Mc3picnNXhXicEqgV40FibDibp0kuKYYfFq9BtDzdzGFfHP85ycRN/132"
"	李永静","	http://wx.qlogo.cn/mmopen/Q3auHgzwzM5PUus6PCcUoly6Ld5un5TiaanFmH3fJ3ACic52997ibMIdl52dT0BTHZlks2pro3hgAnCOUdgLegeEw/132"
"	。","	http://wx.qlogo.cn/mmopen/LeOYyN8j2GXwD9fEvhM4pZiaRYhZHsoF5cKZ7K9zMQKAxQgW9StJL8QW3VGX8VSicaVPWKmSuibtUqaiaTmm8Wd7enTAQnRI4Bpz/132"
"	呆王让我来","	http://wx.qlogo.cn/mmopen/Q3auHgzwzM4dFIovZiauxzL0Ff94j7teB37SllEkmxoWwL73fY4o77uS9VvNFnz3MDJxP7OxV1M2lbXohHgSvFh1cXALSiappdC6xr1yHRneQ/132"
"	香港代购","	http://wx.qlogo.cn/mmopen/PiajxSqBRaEKeR0ncNo6v5dxIaBs0mes3Bdibo4Srl0PMdwFESxdcAbmUabGZMyMia3dyuiajcqlgj35py66xveibbw/132"
"	万能小妖精！","	http://wx.qlogo.cn/mmopen/LeOYyN8j2GXwD9fEvhM4pb1nttIwIa8HmHDaiapZzF2iaxFG0AEDO5X9BvdMNRPUCq4wrsJlGSg2hpuAudImvib8qicic8CNxO45z/132"
"	。","	http://wx.qlogo.cn/mmopen/UF9ibjR5bYZpTVictTsibXGE25ibOibTGJ84nvf8d5hklRwB2YphOzCWxPwQTibTRV6TrYug7ObHknzttUyibGfsNgE1D4HIVrH855e/132"
"	邓超","	http://wx.qlogo.cn/mmopen/Q3auHgzwzM4IyGmPVc0tYTKnjibj2LXAmPDaWJycX9UbNw8cB6UnxbL1QC9foXSJjI9QdjPCf1IDibo7nLm2oxwQ/132"
"	佳缘环境艺术装饰顾问18054488186","	http://wx.qlogo.cn/mmopen/zsUXYY6y4cJ73Q8CxVWMDt0qmhhxRzfKRUwibwTk4ql0YaONKEHiaPedSy7QiaPFNuD3tDq1VYcKiawOmqo3w7jWsZXC6LMUUuxG/132"
"	高冷空调","	http://wx.qlogo.cn/mmopen/LeOYyN8j2GXwD9fEvhM4pfK9sCH6TUdgnHVegvWJjyXGXHL1uhrxUNQafdpGpmnd4ttr7SHpEoPQdTWjMoxpnOYx1mCsoy48/132"
"	斐纹","	http://wx.qlogo.cn/mmopen/oVFgdumbxvmVfGXKSZYSCvhTDicicF7iazr4IvpazD1ERKP05EtCkxicD90y0jaUibYSMwRTFlbAiaCXArFVqjhNpFTluar9HrpvPQ/132"
"	Mr.cj","	http://wx.qlogo.cn/mmopen/LeOYyN8j2GWO0HeQHd69yDQppk7ORt76ZRIfbO86PP0z1gwd7leVxklZCCOVIqU0896yvz7rJtfVy9ZsZfgTUbVziae0SUunN/132"
"	白了少年头","	http://wx.qlogo.cn/mmopen/UF9ibjR5bYZrAPKWqMSQvlaZWMXSY2fn1atBBJqhnFYYhDRU2rDhiaRamuXcFFYodNB7772W3CkVzPTiaiaCNdF2xeOzw9B0Wwy0/132"
"	做梦无效","	http://wx.qlogo.cn/mmopen/zsUXYY6y4cKsjMx8tsjIDIicJPjer0gOaWy1bg10gEr9iaR46sgS1n54D0obq0kicHylUtfoEvdv3AJiaZmffiamOICib5vYU8yw8C/132"
"	～^O^～静～^O^～","	http://wx.qlogo.cn/mmopen/oVFgdumbxvlAyoWFicE7FnVia3U6uagib78KWq1BU5KL8NI4LiczKcz3v3OnRqQnXybd1aExdECvzJRUuiafVoHxkr9xaGL0VzKicH/132"
"	香香","	http://wx.qlogo.cn/mmopen/Q3auHgzwzM5FT1ASEPTVdhY85dOcmIuadonlVzdOXKZUbUPTtsbsUdejAL7D0KHia4ibnB2kYOYibZIicnUtHQodZg/132"
"	美图分享社","	http://wx.qlogo.cn/mmopen/LeOYyN8j2GXwD9fEvhM4pVA5aibFTlfibyCOHx69Z38w93T6Q1lWTvyWGrwLumFM8SD9MicUX3EqM6y4f85t6LeF9PkDuKfoOY3/132"
"	简单","	http://wx.qlogo.cn/mmopen/UF9ibjR5bYZq9vKibc8lZRiaxecr9TpR2qfB1kDfbyiayDg8iaR6x6XKLmbzreiaTQmlUicoiaTQTian2dbaRibmkEsMVDxREXaic9pug39/132"
"	Ai亓怔","	http://wx.qlogo.cn/mmopen/UF9ibjR5bYZoMFOggibXEiasIyCHJba1zY3961K8Ks0Oic2oRYJSJRiclINoILW2YBvPqibTibLUoHESCNibdxHAKdvkphVAvicFicUqep/132"
"	群","	http://wx.qlogo.cn/mmopen/LeOYyN8j2GVVrvstNB4DlJz1JN4wuibAZbMcZNnW3oNgM04TS2JRoibXbfs8Ic3oXJESOgUaEmveaNudXbxsbuFRvjicQeaciajS/132"
"	Ai-安妮","	http://wx.qlogo.cn/mmopen/v5icrCibB8ontp3hiaiboaic0Dq8xNKvuQHXib67aiaFkG3jt1umpib2icWOpuL7SVppkeoBxRLwJZCpGqicAdLqHafic72CUgG9Smo8o0Y/132"
"	魅影","	http://wx.qlogo.cn/mmopen/UF9ibjR5bYZqGAONb6uibsNWuQ5xejor4uO8Kjwv20sDt4h3KJNcXg7QjzpTpmiaaIPMxIrx6xIXq6JF1mTKKw0Qu4Fgx2YrwGk/132"
"	A【风暴渔乐】打..客服24小时在线","	http://wx.qlogo.cn/mmopen/zsUXYY6y4cKsjMx8tsjIDL1iasHFWW3Sdnia5ibtDZuiasPsxHx1iaq6nNDzDqpBbHIrczxsmcFxnAYQNBbP2CP44ITiaWlJPn7rkk/132"
"	星游捕鱼888","	http://wx.qlogo.cn/mmopen/oVFgdumbxvmb8fx43PxVPMIutbq6icD4jqcIbyzArZhYfH2w8jV5PRhGaAZ3CnPW8DNpkj1ISW12WwvRonGUeibg/132"
"	?诗?","	http://wx.qlogo.cn/mmopen/PiajxSqBRaELfgicwtM81cqep2vXACed4WERPU0tU3ZCMZQTkqib6e7E3xdcD6J4F3GAc6Axhfs7cPwCFiaCUneySw/132"
"	?  笑看红尘","	http://wx.qlogo.cn/mmopen/oVFgdumbxvlAyoWFicE7FndHgt27eWlcuHXzHFo5DzsfOXL5AgKfP1tiajwdibFmeq4I5C8kJo7CS5icFHKAwn3ueMakEInOx8B0/132"
"	烨焱","	http://wx.qlogo.cn/mmopen/LeOYyN8j2GVLk691F8NXUKrvXrIeN1ohD6o44OGdyEiakDibgjsQjLjEg8FxscPc75cYYenbMQibXQUWFWYaS33XxhibHgdclgwQ/132"
"	Aaa欢喜带你赚米","	http://wx.qlogo.cn/mmopen/UF9ibjR5bYZp3kkBZ5ggicFCDjGibbibzZPvcthpKoddawhAcNMOJDhtAbDFcjMvCfx3NFYsQsJlxndbuQ1W0m5eOcx0HcG7W0fx/132"
"	李难看","	http://wx.qlogo.cn/mmopen/LeOYyN8j2GVLk691F8NXUK3WRWH5mf7oGicoCTlFCwssn5aI3TBhJOSJgSDOXOejKh8RWh2dMibCXrYxWicVspnuBHIYBD4WbDY/132"
"	?祛痘大神?小兰","	http://wx.qlogo.cn/mmopen/UF9ibjR5bYZp3kkBZ5ggicFPhezV8jhYgdyEjOic7AiahR7Tgw0tkFc3wAOJYYpcFSygzzCz4sC9EoXO2hwiaicw9mA8WnvLsXeSvo/132"
"	★乐☆","	http://wx.qlogo.cn/mmopen/UF9ibjR5bYZo5D7DtWa3YicFUhwic1NQzbojXposO5QXBWF9cvBtQjicjibERgFeKkHiaZCeeg7gu1YXuBHxa3vib2JVDbUWicf8WyOu/132"
"	阳光下的公主羽毛","	http://wx.qlogo.cn/mmopen/zsUXYY6y4cLGaUtE6ouLLgLWLbLhAglKHcs8mbCchD0zzfD5dqMLhAe68d9jBzEId4EK5zib8OBddGKJbjgNetiaBCaYwdfLGH/132"
"	千寻","	http://wx.qlogo.cn/mmopen/LeOYyN8j2GXwD9fEvhM4pRjItXticemv3vm6rzTrySu59pBkxq3EYuKPNyHdEvXCX2a9EhCx4oASHzRttGPhr8vlPYLJ6jlgV/132"
"	上饶县金峰商城二楼 王菊k","	http://wx.qlogo.cn/mmopen/oVFgdumbxvlAyoWFicE7FnRHor7aqeulAwUDtvExR9NFwZvVlcRuYcQfIVZzpUpq3JqyHKo854XXetEeaEAqCNPfgsSJjjwve/132"
"	Just for love","	http://wx.qlogo.cn/mmopen/UF9ibjR5bYZoMFOggibXEiasNWZKC8Ixc5RNLBOAd2TFEiaZDuGh6B9qLklib3zXX224MiaVVlictJnbbsOKiant6LXIJVW6re0pZasF/132"
"	娜小妞","	http://wx.qlogo.cn/mmopen/oVFgdumbxvlAyoWFicE7FnevKdNkgMicsmu4nic2BvFortM1r4pRJibtqNFEXf4aJwicibJpmI2lTQZduuudq3qCicMJt35BgP4dluv/132"
"	明天会更好","	http://wx.qlogo.cn/mmopen/LeOYyN8j2GVLk691F8NXUM62sSzbiaSN9MLlfL1icPJzvAUXIibud0p0jxfNFlQOWPBqiaGgd4ib6aBaBAnCdTY0FFFzUYX5QRykL/132"
"	梦","	http://wx.qlogo.cn/mmopen/oVFgdumbxvmVfGXKSZYSCpFmTn6VZy5Y7tXYJTHz3dNGZUaoK25MoJ1VqDPiaEjkWdTuicY6qibHhHmFF6ibYXyVVfeDCcDkBFNX/132"
"	XF","	http://wx.qlogo.cn/mmopen/LeOYyN8j2GVLk691F8NXUFLQG6YIuLf7QRNroS1dCFLMV30DwhkJZw2o7vghkL6HAr7l1hiaAcOA2mM7Smkpz5svVnO7bXIgM/132"
"	李晓团","	http://wx.qlogo.cn/mmopen/HscuCUR0NxjNIM86X8Y5pWsTCHlpNL0ShMCr8Zc9CMN4Fgzh2z1ESOs5QlA834V9Qbx8iccmsGclKQ3VImU6WRVQFju4Oic4IQ/132"
"	丹@","	http://wx.qlogo.cn/mmopen/LeOYyN8j2GWULkCprSiagN7xJ44icooNjURJ1lrz1rTKfFbSDrY8FynzS99EibW7iaXtt0jDBPfOULsibHZvE2TkycPfbuic9XHs3c/132"
"	请勿转发","	http://wx.qlogo.cn/mmopen/zsUXYY6y4cK6FAQvRbyibbE419mg0qKxdkibptIYg5bvPpW6LDjJ75D6JOK9yrFkTDCmiaXFwZLt0EgrxyIYQE2ibw/132"
"	浅夏，咨询先看朋友圈","	http://wx.qlogo.cn/mmopen/LeOYyN8j2GUIwzSX8Q4OJn0YVDziawp9ohEgic3tAvUbMaEnsEHMJgqV1yg2njy14ANWknfwsMzzFyD7CrQAT6PPoksumD7Upz/132"
"	无头绪","	http://wx.qlogo.cn/mmopen/zsUXYY6y4cLFJNxBL4fugkGjJ672uwsuGiaPJYaAuY0ERQxF0riaBHbxYyUjutdouxAYaS30Cg8HbuhGC3BexuG28PcUoDelOf/132"
"	在家点点就购了！陶玉良","	http://wx.qlogo.cn/mmopen/oVFgdumbxvmwjmgUkH6bY3rSGmiaXLjmbD4J0IuYeDDo3xa1nuaX8VU1E0Tg1J0WTeGhlicUXzfncns9Kl4EooPwl3RwPKia3vj/132"
"	做个温柔的好女人。","	http://wx.qlogo.cn/mmopen/QCCI54QUsCuDUFDHlhKLd5JqlLxT0cvb99OATRsS6fk6qW1ZictpM76PDdQbf8Qk7anicl1jwEu2zONElpeLictSxhicoklqibHVN/132"
"	?.阿玛尼.??想网兼先翻 .","	http://wx.qlogo.cn/mmopen/UF9ibjR5bYZoheXnqqGkNWPbWmrf3YkusIWohfl4HVEpBeRq5nMUN0zWhTbWGwoOQhoh8icV4ImOIkKiaiaj8ibibLduoZWc5e0BrN/132"
"	For--错过的人，再见","	http://wx.qlogo.cn/mmopen/zsUXYY6y4cI0dGWqTe4SaM5iblnu4hMkBCQ8ejJBKluQibHPjiavbovddUTIQC3w07POkQGG2BzYP2vjEHqAPfKFoOxcgZDg31FxXMKWzHlqjM/132"
"	掌心温差","	http://wx.qlogo.cn/mmopen/ajNVdqHZLLCPHhcSLJsgQJ6xOG4COLNCypThgcacLc8c4ldPHoHvP6e5qhkrnC1N8yR5bq8Vwcic3JibgBvib8phw/132"
"	忘不了我的世界你曾来过……","	http://wx.qlogo.cn/mmopen/PiajxSqBRaELOlKE7C1Y1naJjm1pZJ375iaGnlHibS852EwzZmTZR4kmwrs4nF4Skxrhjwv4vvz1AZOdSLTpuTgmpNQHAjUU2cjO3MYIf9ykGg/132"
"	我姓李。却离不开你","	http://wx.qlogo.cn/mmopen/zCwEmI7EIhr0iaWU42IHKIGaGjFksC5TYXt1IWtqNuxpTGxQWKqa19ibtxEDnKGxuBKpvx2amw1icIw4uVrBpg5zA2QLH4HLqWZ/132"
"	","	http://wx.qlogo.cn/mmopen/LeOYyN8j2GVLk691F8NXUFalfxdrkFeP2l6kYOt7kIoQDB39ia5SS2IX9Hsdw1Gy22RCjH0Io24gD1SEmPSEI58Zo9JUgAUdA/132"
"	。","	http://wx.qlogo.cn/mmopen/oVFgdumbxvlAyoWFicE7FnfXASSJdxybKdicCHAfW8p0V3HFaJ8IENItwiaN5oRURq5Wfr6JHATyYL8BfrAA1fVdNh1e7gHqGXl/132"
"	恒爱","	http://wx.qlogo.cn/mmopen/PiajxSqBRaEIc0dEcBdRibGlYQlI4JY3mNDOyfSMNlcqaPZ0fwMjJsAGQdbUAPRZ7I3NkLn3DucibJSt0Ity2gxoA/132"
"	  龙沙体育运动鞋服","	http://wx.qlogo.cn/mmopen/oVFgdumbxvlAyoWFicE7FnVSZ9lg7mqVUs5264icgmtLlC7siaiaY94WMvebE6hlsiaPKbfpIjYwgfMrOwAF3M1P1D8ibJkdZ8JicDJ/132"
"	故友！","	http://wx.qlogo.cn/mmopen/UF9ibjR5bYZp3kkBZ5ggicFPAG73ic9b5bPA79caFjGmVAzqpXlSyJY6AMvPpqtbkibjHdrZQernJOWsK5tzEvvtwnGic0udLwq4f/132"
"	橙子家杂货铺（长期招代理）","	http://wx.qlogo.cn/mmopen/LeOYyN8j2GVLk691F8NXUGHML5iccr11HnRkPkMibktP09dzCmV6eAd83DdfiaTvYDHWO6685t4JU1R1c6icBF5blzibVP0xe5jwb/132"
"	心死不过一瞬间","	http://wx.qlogo.cn/mmopen/UF9ibjR5bYZpFdCjkMRMJ5swVmjJVq0ibpJLUP2n9iaeVJXRysMvBX3QCFhIJfMfOVKuncoMn51lb1icUBMnTfSSMUsNXUJDuE5c/132"
"	阿冰","	http://wx.qlogo.cn/mmopen/zsUXYY6y4cKsjMx8tsjIDClsmicILLOcLwjfIUWlYJIXAic9iczsaq6h02cLuNztmZfHp78sXvp1Rupb6OLxU6ozbBKamaf3ic9q/132"
"	小麦","	http://wx.qlogo.cn/mmopen/LeOYyN8j2GXwD9fEvhM4pbRN0tMgdoUfociaFnu3rwgOQuJ4Kf5zmMeLTEicqtxqobC7N3Xj86jiaYia1Lf9YMWswTXeicBYyIqmE/132"
"	?!?? ? ??","	http://wx.qlogo.cn/mmopen/UF9ibjR5bYZp3kkBZ5ggicFHTibC6SD2J1150bwSFRSYrBbUD6I6WydbQhFSaUleia9GQ9xxRTjnVORRkj19CztjOuycUKvkaRCH/132"
"	喊客","	http://wx.qlogo.cn/mmopen/PiajxSqBRaEJ1icggkF5B7On6GaoQpDWbsyrsS32s28AnZPR21KaXBWsDiaw1w79tSegeYQicVia4X0dSBwLhJLqDug/132"
"	小恶魔","	http://wx.qlogo.cn/mmopen/UF9ibjR5bYZpYIz206OKKHNsYNlLlr4bq2sficIiaAldFtMfZUMjZKLM8TTVEteCick3t0nSwDRjfNFf4xe1UKZicm4Ok1qO2LD9X/132"
"	Ailsa","	http://wx.qlogo.cn/mmopen/UF9ibjR5bYZoMFOggibXEiasOOh5BGfPgGfogbH0OkpPwPkZic9BAaLGwvsSlweXmUU64iaRUtzlakrhkyAKKQr5gpIKDyKgGsNUib/132"
"	王映松","	http://wx.qlogo.cn/mmopen/oVFgdumbxvmrSXZtibw25eQz1hpPT8wMOJpuUaISxnZD5MiawwJscMB5z1e0rOiadvhgxwZsZRY34CDcE1ccVHBoIIBibiaK0Aaicb/132"
"	嘟嘟","	http://wx.qlogo.cn/mmopen/LeOYyN8j2GXwD9fEvhM4pbRmu9abthR7sYicJJibdkpRZJVRC99LSziclRO9ttibTfq3INtZAcHicCXQEN6pFgcrOqdibicQsyOyuE7/132"
"	7组钻石完美人生42859","	http://wx.qlogo.cn/mmopen/LeOYyN8j2GUrqAUFZWt8qCGk1HXlt2h280WXeYaIVVD9lEvibNicBtbUMgztTNf3HpUJftW6DMUSL6SATdsYRPazoczK1xibKRC/132"
"	唐O","	http://wx.qlogo.cn/mmopen/Q3auHgzwzM5wa4ZYkHeSmCC6XicK4MhxtiaxcYZrBVDkF4fffvjQskj2gbkyzLBibF9sOc4GKt9XzhDhKEGUKLOvvUqiaVsDRoiapQu9kSm1msxI/132"
"	华妈咪","	http://wx.qlogo.cn/mmopen/oVFgdumbxvlAyoWFicE7FnVsH24DMa9MwUxZf1Ep3DtXGJ4J5GF0ib84RzygTYjiaoomvgCUSC6ia1T7ib9YAAAxUvxw2kCRvxx2t/132"
"	A^ω^往事随风⊙ω⊙","	http://wx.qlogo.cn/mmopen/LeOYyN8j2GVLk691F8NXUHV5lYgHqSkLVH1KDzaaX60qTnKkzAwBa4F28cZjLiaoFbjYblW6zhpbgFblCREJDOrCzhh73aKdt/132"
"	老杨","	http://wx.qlogo.cn/mmopen/BTt9Dp1yWXx1NxQhOQicJJ5bjtxFnicB4b9icbIDPqFeXJm1cm4EZuQnfSiatko50ypvzhkBdc5F5KniagEH20HvSuqs6ANelcNsj/132"
"	官方招聘  刷单  打字打码","	http://wx.qlogo.cn/mmopen/oVFgdumbxvkYyvbsZyicmbPqTyicW8ic7UhmTTuH7XFEADYfHVZU0h6UMrmjPvRRv01DufNgSjm1SAga9oXicJW2Neq6Qw2mPCpb/132"
"	潘家彬","	http://wx.qlogo.cn/mmopen/zsUXYY6y4cLGnGO8Gsfbds1Diak7roBSQ1rCKmJLlgpWMuk6Oibe9Gn00B5sLrjgXLNy5ic2EXopBF7ficnEm7iaJIw/132"
"	有毒","	http://wx.qlogo.cn/mmopen/LeOYyN8j2GWKpXjB2d54WBOSBKiaDlIPcOZEHL5L8qPGDhcJ4awVacnO7quibAGYahw0icfv74DtkSKTBJbibFVPhIhbLiaKtGw9u/132"
"	老狼","	http://wx.qlogo.cn/mmopen/Q3auHgzwzM55via5FP6nfL2SGvcxOP9yXsDqONiafXH9w4xfDqL0PMjSEibEKp9pFzp7K4gORqNmx1MfmYXUg9WtA/132"
"	A  软件……王小鹏","	http://wx.qlogo.cn/mmopen/PiajxSqBRaEKCASSpqns97HmPn29LibWiaso4z33emrIxQ8SvUf3zlsEVau3XB6dyT0QRcWGVibXUuFIIpm09KdNOg/132"
"	梦随花开@大伟（徐）","	http://wx.qlogo.cn/mmopen/UF9ibjR5bYZoqS0xb1gMVCsCHN28s2XVzzn4jPurOwOynH0Hib5DerhoVLfM1b5A6Cdbrkc90UVugy11KGUdJGm8qPwWzvWiaNy/132"
"	丹丹","	http://wx.qlogo.cn/mmopen/LeOYyN8j2GVLk691F8NXUCfk7iasxMeAfsWs14YUkeXRVav3p04n0Ns7Mg5ToEMmD17t2EJ22UF0ibDoaQGBwniaviaZP9ckndYx/132"
"	尘埃","	http://wx.qlogo.cn/mmopen/PiajxSqBRaEKia2VnQmkN4dKUBnNPddV0FA8zp30pWkEWzYmVywJzLHGtZAmbc7n3lPSulHv7WWVERbUnqqfDvWw/132"
"	从一而终","	http://wx.qlogo.cn/mmopen/LeOYyN8j2GVLk691F8NXUF35alU6fo4SBiaicRiauhdJT2VRf7jWrH61ZZSibkibtNA22HVxiawnic34SmSOAyDlsemXgfhBGG2kAab/132"
"	行素","	http://wx.qlogo.cn/mmopen/oVFgdumbxvlAyoWFicE7Fnfefic6WDq7N7WRzJR3GDCCXZFmoYORRXcCKsXJricNLZpxMiaWnpl2icFwseJPGO3vPXM5XcuctA74J/132"
"	前前","	http://wx.qlogo.cn/mmopen/zsUXYY6y4cKsjMx8tsjIDFHbOLoCe6lXqLuo1ia0CS3RC6AgOmaZqCz7RP5JIsecjnYHPKtavZC42zIpZVJNnqlfE5vZv1Ejs/132"
"	春春","	http://wx.qlogo.cn/mmopen/LeOYyN8j2GVLk691F8NXUODJANYGNpa05qbRsERkUsibBvsK7GMNVmzJKIseDPzuWlYeiagED1BNA0zryhHiaNIQPduDMaibaiaym/132"
"	双双^O^","	http://wx.qlogo.cn/mmopen/LeOYyN8j2GVLk691F8NXUONiaTKM3DBeM2mbg0GspKBbMQdo9W7uzDgOjdCpQ0NicpIia6bxUyKQSxxNqFaLqUGYKKcrvFLzic8A/132"
"	蓝颜知己","	http://wx.qlogo.cn/mmopen/LeOYyN8j2GVJEtl620Wjhgic3ibJSS7fdic37yUtnEfETWrVY6cibHO3w50QBJ6qMhWcDQaeDlzyvlRkcZWp7Txjl3KnDSDttA20/132"
"	A金色海洋?【咨询前翻朋友圈】","	http://wx.qlogo.cn/mmopen/LeOYyN8j2GVbgnj9353GYJdWzIQSiargXBC4UdfuiayZTh02alpWzicpYC0BLtOFKvm8lKicTwicRpmjQh4MJOicILdstnxOu5CHev/132"
"	迩 是我生命中 dê 色彩","	http://wx.qlogo.cn/mmopen/UF9ibjR5bYZoMFOggibXEiasGTLJBDQLHQDUK6460MicGBk2kkcvNaRFyau4EG0wFeGtic55zMiaCprLLyBj9mcfx9DrXfF2UkbI8C/132"
"	吴大大","	http://wx.qlogo.cn/mmopen/ajNVdqHZLLDicImkFrM0L9gpOax8HhiaV2gwtqibFfB9zknLgb4h7q4nGalBFuvTXFuibJXlcZmxMIS7qjEtJGIHcEURUnnbwsZ0U9n4wVfRHTQ/132"
"	徽都商行","	http://wx.qlogo.cn/mmopen/LeOYyN8j2GV2egiaRHczj0LGicrE6jD66rlSD47NZ4XpZNpNkfDH0ibLyoVFZg17Dan0JKhicvrqnNYhV6GG8OsAokw3f8iaVuvaD/132"
"	致我们终将逝去的青春","	http://wx.qlogo.cn/mmopen/LeOYyN8j2GVLk691F8NXUFHop2DRhbeH73VtfTR0pOlR77piaOKej0juFSf6NmTiaPVe8l09TSCKcaiaZM0fF2tqOj1r16611XU/132"
"	0815","	http://wx.qlogo.cn/mmopen/UF9ibjR5bYZp3kkBZ5ggicFGjIWLyOQU9qrQ6XqnMR6jpP5LqmaFTLSb8aMaj76xDKoz0qFLlTUX0Dam7icgY4EiaONLEu1d5lKa/132"
"	惜你如命","	http://wx.qlogo.cn/mmopen/oVFgdumbxvlAyoWFicE7FnUBxRs4pBoTUbiaQ7oZ5Oe32LhicGpAAriaEVJHNfMxYkUib5SMngrNfLxG2M7mJhrRTNibrgOhwIr0g1/132"
"	Seven","	http://wx.qlogo.cn/mmopen/ajNVdqHZLLDqqy9hPd6ibIHTAm6vQd6BfsgYEwxDEvUDIlSF7dGz1WqYwu3aZfoCmH9NIdibKDr5OZsKyKvCzJHg/132"
"	张家二小姐","	http://wx.qlogo.cn/mmopen/oVFgdumbxvn5SoiavW5WzLXQog2o02ia9SH7nYjBicv1MQayicFoocWS1l6k1Oa185ibtJfMs2Zh5oLoS03OfUT1AbJtzo1WyARbe/132"
"	Cindy","	http://wx.qlogo.cn/mmopen/QCCI54QUsCuDUFDHlhKLdwZH6HX5xcWgnWLIkXwONTZ30FhZGjLylJUwib7uAjY1HsaboLlZaPjKc0AbwBZ6TiaSVNywKqkCJK/132"
"	你养我长大，我陪你变老！","	http://wx.qlogo.cn/mmopen/oVFgdumbxvnzW3MWxg1WBzibXSWFBaQgWAdRH2uPbp82NVg9r6Scs5RHBI1M9jcXtw7lv5Vuc9HfVGGnDjDLZrY71GVzOojicy/132"
"	Aurevoir.","	http://wx.qlogo.cn/mmopen/LeOYyN8j2GXwD9fEvhM4pQPmIP5sp7M26g4dst57hN52dv5Qka55InJqDUM8GBfUFxuTZibkJKdh3GdgASNnK1ibicgc8UxkccD/132"
"	 遂霞  咨询前请先翻看朋友圈","	http://wx.qlogo.cn/mmopen/oVFgdumbxvkzjzb0loNSOjXndUY5TNdVQoVCdZYBpcWjvhPSSuAXLtXVccc8GYM1Q25qxicTaH76web3LiaIZLzjfsm1icK10icS/132"
"	侯毛毛","	http://wx.qlogo.cn/mmopen/LeOYyN8j2GVLk691F8NXUOBDB2pOEEOn9qcqkJFO6F0a2KfNcntCRMT4cd35npy8KnDyJN2HYWLpPu8oO5vg3f0Oyh46ek5g/132"
"	AA平凡    18275145599","	http://wx.qlogo.cn/mmopen/zsUXYY6y4cJeuvjTZlja6gNaYVDQNdc2mT8qrTicoxK1I7YqXibRxibt2RC7NN3wDMG5xiayseqsYAkFtxq8Nm7wImVlkp0wMBicw/132"
"	荣荣―金融","	http://wx.qlogo.cn/mmopen/oVFgdumbxvlen9t3jnJPpnz275HWCW7oOhDpq3MXIdnyW2ZzBwGiaGfprrt1gCU6nLePoljKaDkU0MJoQAcXvSoCGjg0cHbwia/132"
"	枣强大营微生活 皇冠代理","	http://wx.qlogo.cn/mmopen/UF9ibjR5bYZoMFOggibXEiasC81GzQtx2XBlDZVHvY0IrO2W7YsCYGLYdl9SibPUAv7QPjibMt2uJw3q387jSALicP0iciaqVd2GvZZ4/132"
"	小明不爱吃土豆","	http://wx.qlogo.cn/mmopen/zsUXYY6y4cJXyaW8oXZiaJ5KT1tibbWXUasZWLIiamnAshicx6icKHXX7xaVCXCBP652sB4mYOWQZp862H42BHT8LGA/132"
"	王小慢","	http://wx.qlogo.cn/mmopen/UF9ibjR5bYZoMFOggibXEiasGeZOJX3UtUFg6AxICRYYqb8PSFYBPGbN6sTP0zAzDVsvxicKJYUOYic2PAJRg4V91vXMF7O4cl6bd/132"
"	A","	http://wx.qlogo.cn/mmopen/LeOYyN8j2GV9KGeIkOzaraBic5OFcick0meibg4Pm7XBsNx2vpYwzellBbogn7ZePHM0ezGMnqNyZlNpicaNscvrsqBwPOmAOV3u/132"
"	容若","	http://wx.qlogo.cn/mmopen/oVFgdumbxvlAyoWFicE7FnY2Qv9aOrOUqu3rfCtryfVVOaKGtq5F2wzQAtv1bmibXjI7pod6Br1EiaNsN0Y1ZcPTeibH3Ka8QhZX/132"
"	卓越","	http://wx.qlogo.cn/mmopen/LeOYyN8j2GWDfOeibhevFoicHCTiabgTLnFxGPIhtjydib6U1S9FyAhBGMeDMmicgTaDhjXeEgqyWsObw4B4JicSvkP2pucrBgicUwn/132"
"	Damn","	http://wx.qlogo.cn/mmopen/QCCI54QUsCuDUFDHlhKLdz0qfkLMCl2P3gMiasq3hv6lqzW8IzN4LvB3lLgjddyU7ROoz9NyOr22ObJ7F6ficosJSSkZmNiaXs5/132"
"	?硪玩命?倪随意","	http://wx.qlogo.cn/mmopen/zsUXYY6y4cLh3hdLCTodkc8icic1oHJcQLrJvvjs59qlvFdQXDu31tRMlibT54ojzoYFbU7gMb6cvoGw8khQAl8JQ/132"
"	景景","	http://wx.qlogo.cn/mmopen/LeOYyN8j2GX4cl04fDCq7M9AiaxFs8jg4Fy6M8d8D1HUCtyKpxtRCa2HOuLaicnxqbEv1GicbusuArqZNwfs2XLOBPR3s29wicu5/132"
"	夜夏","	http://wx.qlogo.cn/mmopen/UF9ibjR5bYZoMFOggibXEiasGLmJweT0Van0b3U7yQ2qZZunFdVWS23JuWBt2omRJLgHFnRh9z7Ccv0Ju5CgV1BvAicpGpUXWN9S/132"
"	王艳燕","	http://wx.qlogo.cn/mmopen/oVFgdumbxvlAyoWFicE7FnWjLST00O9AwIBOrI2sJ9ys2OFzY2Ejpf0hRgwnYZp32Ikb2ufib6lYlTHfT6E8M7zVSEt5aOnwe5/132"
"	全球各地，","	http://wx.qlogo.cn/mmopen/UF9ibjR5bYZrsyDNCcVgCpFlkEw88M7EluZxAPibre2Hibg3PkbTZyeekdkOsiaKfrrjiaMPS20ELQtDPSbVLLP4cVDHRoVImVK3C/132"
"	fish","	http://wx.qlogo.cn/mmopen/PiajxSqBRaEKkpV5TdY6Q8Ct6YibXYiakWvSaZkZscv2hTwicssORlD3H4hibCIuLYLAFRnK7xAZAROFlXrVoiccNqyQ/132"
"	A．  原燕","	http://wx.qlogo.cn/mmopen/LeOYyN8j2GVwr3onf6MCU8xTzlKA29Lxl2E8Yl51kErRoeRr8ibec0uiaeAthgZ3Ejq5eVibJHLoR4iaRiaK0M0EL9A/132"
"	天上的星星 不说话","	http://wx.qlogo.cn/mmopen/zsUXYY6y4cKsjMx8tsjIDIk6F8aFTkQSEmLfrDicM5aicU2JYckfln8Eg4Q46ibrXWSZtScibU7F76Hc6ibbZN6xkZ4KnFShEB6N5/132"
"	锚  喊我女王万万岁","	http://wx.qlogo.cn/mmopen/zsUXYY6y4cKeQIoz53vG2TouqyoKZooXaJGCyg3fuEW3L2VQlgckYun3WxbCtZJCpDt4wiaW14eYZqfTXz12O3g/132"
"	　物qO","	http://wx.qlogo.cn/mmopen/UF9ibjR5bYZrehwQKEGt6wwicUxJY23JdEhTJgm1rmibBa0O9jNoMUYPzIib8CEicpdEBD0HhQeSYFkFvpbOITtHNBZpsibDPU7uUp/132"
"	天语邮缗印","	http://wx.qlogo.cn/mmopen/oVFgdumbxvlAyoWFicE7FnTCBQY3d4CNE6wVTiarZebURLXt7hxPvaeWhh3973rciajPCGfglic3Th4U1z6QH174KTdXBU2S7FmO/132"
"	李月仙","	http://wx.qlogo.cn/mmopen/zsUXYY6y4cKsjMx8tsjIDCC4I4SxwRDHHiayWibv3jCHCGDWdiaOnjtGtpCibIGPTStXz2ZvqYZPa9xchCo2zYjVcTPib88KON4so/132"
"	___。","	http://wx.qlogo.cn/mmopen/LeOYyN8j2GVyQlW5IJAvxic2e0rZ0ELemlibCOMpFkm1bDM9ZKAXlsGibQXvubDpTumRuiaIkemtZZ3R7tnibR0xkFggp8QGBSj4V/132"
"	微投资时代","	http://wx.qlogo.cn/mmopen/oVFgdumbxvlAyoWFicE7FnRqQicfFTwQHzyB9iajFtFdqMfbxyePaJNGlbKyjpWJuWkr1nllmjtBCbKGZg8Pwknl1Jq1OZ4aIe4/132"
"	晴a天","	http://wx.qlogo.cn/mmopen/Q3auHgzwzM4POJznUVB3oUX1pSI9EeFpNqDtWd1WESkErMUo8giaGkqEIuut3IxpTdNdd3adKtr2naicVSjyjRkM1K1MUvBcoCjYXtMhS0bFU/132"
"	A贵州微帮总站(招商客服)","	http://wx.qlogo.cn/mmopen/zsUXYY6y4cKNqXic9kAklc14oFDzQ2M2cWl77fM9dCt91V09UP6RPpvgVcb2dnPwO30hmpDFSjR2t8D5lLT58dgaesM7SONuU/132"
"	小姚","	http://wx.qlogo.cn/mmopen/LeOYyN8j2GWC3ckibquib14NAaYtdAuEYyQWAzwgUGysdRTK0tVADtQks7Cnw8dMU33yibLn9f6DMJl89W8QK8s7zv9jqWImPKp/132"
"	AAA.厚德载物","	http://wx.qlogo.cn/mmopen/UF9ibjR5bYZoMFOggibXEiasDMmKbL3uMDrzhlUX0nXRrcm3TZCOy5BdChHriauia2d9JXUbT9BDLhQj97jckMyPbbQKBSgkFfCWV/132"
"	蚂蚁呀嘿","	http://wx.qlogo.cn/mmopen/UF9ibjR5bYZoMFOggibXEiasOaZdjI7xJrOt3BicsH6HryQDUQsOnEEHNDBOQVKUESA7j9sXgCryU7rEhuTib3w2gENASaJS1ocM1/132"
"	你若安好便是晴天","	http://wx.qlogo.cn/mmopen/oVFgdumbxvlAyoWFicE7Fnadzpspcn2kiafOIb67AKu6St0D25AXXtEBqGZYsbhp7VkKLsEAXXf5WvCqX6oFPiaANnbK0PQib76c/132"
"	莉莉","	http://wx.qlogo.cn/mmopen/QCCI54QUsCuDUFDHlhKLdicE58gSUwq9JVDrl2s2nqvjntOuL79TC62DRrzvmO9TdzRz2icj6NnibQfS7OSNJMRIwtZvrBIliamx/132"
"	少帅","	http://wx.qlogo.cn/mmopen/LeOYyN8j2GUVdSO0w3oFiaFpwrMGKs8FEYwFXAgXOP2Zib91SxPH03J5T7lywhqaicoOyrShTobVUTXS6jXUO30gWgXNB0r7VGk/132"
"	小景","	http://wx.qlogo.cn/mmopen/oVFgdumbxvnHtbPhVmxmia21fPGf3udiaaqMD9Jvr5Can3roumNZ3LInzXIA0SjjmM4cIW2eChttlECibgERckEof4bJr3NN7Ax/132"
"	纯牛奶的纯纯纯","	http://wx.qlogo.cn/mmopen/UF9ibjR5bYZoMFOggibXEiasGVroTS3yZOrSEkEKsCPHfLqfyd1WpgM3yFNEk6TbK8HnPJB0O3IbnyyL3bSKqNf049PH3q6Gt2y/132"
"	摩卡18982441406","	http://wx.qlogo.cn/mmopen/UF9ibjR5bYZqbFFqojWibr5ItT7uJ9xsCIibiagmCJU86m6N2h3qrGiaJ2fJuXlUEBUTopPZ5bA23Ut9Tpk5tJof6SEJibiaPBNnfMib/132"
"	哈哈","	http://wx.qlogo.cn/mmopen/oVFgdumbxvmX1jicib4UwOsWBXxQjSfRMI1NOnHv91iaGiaJub9x9o2rOSpibrOCYxD5Ur0siaB1gRRZzc01BQhicibjGXKRcvtG39oZ/132"
"	粉色（咨询前请先浏览朋友圈）","	http://wx.qlogo.cn/mmopen/zsUXYY6y4cKsjMx8tsjIDOnnnr5XYVd2ccoxchLYTc7ROR1jrcmVHVZHtUCth6CNWcOz8iatJicsf0GJXDLFGHVN9f9joForyW/132"
"	橙子@小宇","	http://wx.qlogo.cn/mmopen/Q3auHgzwzM4dkxogVGB6g26EcnV7JMGibOPAk8Y8Xc8Hh5uumbWI4uvSa4UTjentTrQpFntjIiameaEbAM0YHHkw/132"
"	阿喵","	http://wx.qlogo.cn/mmopen/oVFgdumbxvnK4KUmcvibhhj9OX91M0deOwDeWewVDJr11iaiaSNkdrUUTpoplL7ibpN4GpewkL81FpDDNGK1IYrTBg/132"
"	哈哈阳  做自己的boss","	http://wx.qlogo.cn/mmopen/UF9ibjR5bYZoy0WOAJM0C4CkReeicHG2GZnXyrnBRD1bEBOiaHzhicaZoPmqpcT2CvH0my2vlRJ6xnZIJibLIbA7KhGIOZpjGYibVR/132"
"	d天真┬─┬? ノ","	http://wx.qlogo.cn/mmopen/UF9ibjR5bYZo3Q9f0FRFWULgic77cYP2RxnjpybOcN2C5abxnxhORXtfNupXau3tLDSib9kPmic6qHazicos9olU2K9SvvXxpcA44/132"
"	牛奶加咖啡","	http://wx.qlogo.cn/mmopen/B4TDcF6cTFh4y8xTklC5ZkunzmMzRBns0Nu1oVuFUjR585LSDQFB49oUxTOcYw50EFp4I8BtHkRRPqJjcD6Bwia2QNC5LJlNr/132"
"	????? ??????????","	http://wx.qlogo.cn/mmopen/ajNVdqHZLLAqcEtNZeFf4XTsjad3XA1hXj61u8aQR6vADuDE3GHfLYV1iclJDKicQFEHxaQdFpskwCTOWRIZ1GD5Df1s9O9vBbcMttZBrnYLQ/132"
"	rzT放就忘","	http://wx.qlogo.cn/mmopen/zsUXYY6y4cIXyTn4RvQ5gqgdDLBb8GibfYe6QicmCSgJsEX4HK4Y4CPDicJicRgZv8MOg2ibBjdfibCUYd8vj4csuIc4l1AvhuMTT8/132"
"	汐洋@无限好","	http://wx.qlogo.cn/mmopen/UF9ibjR5bYZoMFOggibXEiasF3u39q9PhicX3aBJ2y12Djbed2xfmsdDtKTNWDWK76L0F57dshV9prKbOYndU1nACZ7D07tzKQQK/132"
"	赵旺","	http://wx.qlogo.cn/mmopen/UF9ibjR5bYZoMFOggibXEiasGeGnRKJhJqHRFkibPy3iaHvAqX1HhQQD06SrURU7IlOCrYiar2EtJAP4SuZApmLoR0B60P4KmB2htn/132"
"	晁娟 上善若水","	http://wx.qlogo.cn/mmopen/LeOYyN8j2GVLk691F8NXUIGXW5Bw0QlQsXNGJMibxqhvcDvo9ricfkcQPzE6C62fIKuCI0OS3eTEa71oxWibcpiaEQJN5NxFpMn8/132"
"	【o2o】秋玲&私人号","	http://wx.qlogo.cn/mmopen/oVFgdumbxvnhn1uc26A8XNzTLkgYMcQjgjqbwPoMbFyBOsS1OSD10OicufJsiaibicyfDUSXIHibnaibbfcksgTic3gqpUew0CK6Yw3/132"
"	萌宝宝i","	http://wx.qlogo.cn/mmopen/oVFgdumbxvlAyoWFicE7FnTRFQnkpmK7RicPMSCrkG1d0ibEp06XI0zicNPsvGfTXI4iacficYiaFQfiabmv8nIfibfQVibibicQiavZOJqX1/132"
"	 °D i s t a n c e.","	http://wx.qlogo.cn/mmopen/LeOYyN8j2GVLk691F8NXUFrqibIUw371Ks02n0XUaR22s7uGYJw1kcZgWSxaOiahsA9S7Yu60VkpPYB3b5acbQFaVkqutR5U8ic/132"
"	mathon","	http://wx.qlogo.cn/mmopen/ajNVdqHZLLBxMoyUHibSAia5aG0ElyJgtOMcxUAPwGEfftGh0WeVSTkGgjFff7Wsbb3hZibXtc5L8ricpXLcfYrRGw/132"
"	早晨@胡医生","	http://wx.qlogo.cn/mmopen/UF9ibjR5bYZoMFOggibXEiasCibl9BgGmcYVLoSObXUd23teibWLZdyfTSdybYibCibnfuWKj0gva3tH6ZAnqwp19hF6ZxKMgXOY5BG/132"
"	夏莲","	http://wx.qlogo.cn/mmopen/LeOYyN8j2GVLk691F8NXUOica29ficxbdLSYHtRjiapw6UGBRcG2zyG90SAbE8QfBUUQQCfMiarxC6CqCtq4SXkNj2YONpOV09Nh/132"
"	站在墙外等红杏","	http://wx.qlogo.cn/mmopen/UF9ibjR5bYZomxKibiaUMSQepnX0Yfib2wq8ibkr0zASL36ibzr2mbxnf6mA4jEZsZR0jDJwwndibLOAICaiajzfBNeJyoGYMdFEicHia8/132"
"	竹山宏伟汽车装饰","	http://wx.qlogo.cn/mmopen/UF9ibjR5bYZoMFOggibXEiasBkNkadib4jxic4qk4fdCNvPic8Gxet1FrAqGZ23tTguhw3FiaLkBZC4Tp5ILiaUlRsm9AsjYF44gOtvib/132"
"	黄晓飞","	http://wx.qlogo.cn/mmopen/PiajxSqBRaEKL9I3DqrGibp5yRRhmVRu7Blc9PJI7ic4pHHdiaCOiaQqYrrhyOHfeVSAKfYumrcRQoYia7jGnlfUib3aw/132"
"	官方招聘.打字员+刷单","	http://wx.qlogo.cn/mmopen/zsUXYY6y4cKsjMx8tsjIDIBopEzGtepFwibxrElXibQy1CKJ60fnoN7Zck2Y0jH12sQ4CxD4cUdpQohxpXOfXXuVdD8mzP2ZAo/132"
"	微微的幸福★★★","	http://wx.qlogo.cn/mmopen/LeOYyN8j2GVLk691F8NXUBl4nua4bw0UMZiaQxl5zjGHYPJg9OiaxETicpiaXdndmnMN07j8vCQIHibwZkG3Z5opTClO5P1Mkiac9s/132"
"	TsT","	http://wx.qlogo.cn/mmopen/z6zZial4ufJMAalziboXbLlFictXHmZb20YnibKHmibZb3HzUpg7oTuUDCtqSe80yxib6uicsfQIMZ0rRsHbmXI7JcMa4NjuCpEbTe0/132"
"	久违的阳光","	http://wx.qlogo.cn/mmopen/oVFgdumbxvlLSsdfs9cAwEEWKDibFeQr7V3xibO5OVCon9yX9mfJYGvyaePANuddWplAdiaxgu9at2xV53TBtj4P5PQKE7XwHhC/132"
"	腐腐","	http://wx.qlogo.cn/mmopen/zsUXYY6y4cL6AiaooHudY89QlxO3C6NtsC0X4XRLOux2M4IsJy4iaILXvIUmS850xqHcAo9ScGSGerUxxepuLicGqd0TAePAicoC/132"
"	蕊鑫茫ㄗ裳请先看朋友圈）","	http://wx.qlogo.cn/mmopen/UF9ibjR5bYZrOAhjiav0kpib10Qwrp2HBqo52DFpGcBqBl6oTibYz1gePCicDcyC2xtcPbNMD2eu755ISaukldh4mjSrRFgVibgG73/132"
"	Aariel","	http://wx.qlogo.cn/mmopen/oVFgdumbxvkcQPREZNVibOiaU2nDlCwlhpzrs7tm5xGs74boWGbCEpZ4sa5c1xeGQDWeBf7h6vMweAEGELlbLEe10aRUg8ZoPm/132"
"	刀客","	http://wx.qlogo.cn/mmopen/Q3auHgzwzM4dFIovZiauxzL0Ff94j7teBVNpvs62Kn2hE4hibC1gaMefMvZZoZtw0ufmbEp6PD6G5k5PqLH5VrwY8fM9bX2urDZJEquwibFwTk/132"
"	A-中腾信―客户经理陈望道","	http://wx.qlogo.cn/mmopen/oVFgdumbxvmuYvB9LiaXfmEuE5FfHCr2yu8NzDFGnE0j079y1Vqh4Qk6pEZCnicaRj8adhjVyvsuibuZQibFIBI6kQ/132"
"	姚先生","	http://wx.qlogo.cn/mmopen/oVFgdumbxvlAyoWFicE7FnQlYepzO7T8SibPwf98xibnjpHIqYziceAqARo96vIPT5qT2ko9LSUrVaC2M9pTAUwFxon8CvlUdMon/132"
"	靳、","	http://wx.qlogo.cn/mmopen/LeOYyN8j2GVLk691F8NXUHqvicZ6K2gkpzBzHr8hq15X1o0wcNyT8AsEvN9LW70HlNZjDlicLLCRaVDf2FvQsH0dpKrA0DAW4E/132"
"	冰凌","	http://wx.qlogo.cn/mmopen/LeOYyN8j2GVLk691F8NXULraN28OfRuBfNWA8w7rFiaZH5nYib9PaOAt6pGcpH7O2cPSIPtTTuxFtLgvHGEX9TWlFmLUia7lMj7/132"
"	未来在哪里平凡","	http://wx.qlogo.cn/mmopen/oVFgdumbxvkzjzb0loNSOtiaV4ITAqpsXMySvTtSZibTsyF003xqQ3iaZuWMsp14Wk8xInghnZa5ZlseG56mZnicVOd37qX0FkIr/132"
"	-     牛B轰轰”","	http://wx.qlogo.cn/mmopen/QCCI54QUsCuDUFDHlhKLd9tjXacHSiavG8dCLTJlClFGbCkiaUCINsII2DVNveNGXxbMTJ7qR8KLNQLnBXhonKEPGl2jx7jELS/132"
"	忠哥","	http://wx.qlogo.cn/mmopen/oVFgdumbxvlAyoWFicE7FnaJ0JbfVKKfTjaibemkX8C2iaG7fRwZFDlCk5Kc7SSCbHYfGbSnXhRRboufO5OTVKpMAgdCFIKbia62/132"
"	闫罔","	http://wx.qlogo.cn/mmopen/UF9ibjR5bYZqplibjTyFv8X1O4dkCJDibz2QkGSYoxU4jiarnhBichiarGSnRJAVhCQCo5fxnJZ2d8KOIYJibxbSicjFAwKUA9xgAhicx/132"
"	艳儿","	http://wx.qlogo.cn/mmopen/Q3auHgzwzM4POJznUVB3oUX1pSI9EeFpK1lmBwoxibkpX2TweibmLpbsW6hmxuHVKicmeUQ8DpKVGttOfc2oh7DTKlL1foTG4Cvicj4QQ9H2zgc/132"
"	Gypsophila","	http://wx.qlogo.cn/mmopen/UF9ibjR5bYZpicbafPPsTibjga7QE02FDhsUPn6rRkEJMPgL7Po9YsG7cLU8GBIHZEGfliceg7J3Xl96YYh1Lyj8ib3zlWkTlUibXv/132"
"	时间煮雨我煮粥！","	http://wx.qlogo.cn/mmopen/oVFgdumbxvkgZoCI4bFKLN6HdJwmWuvuF8FqEEFnib9PoeRicjdfJVQTHoZJmIJVg35rDiauYTo7DcIyFo1dicLb0sk6hVlm49EH/132"
"	以承","	http://wx.qlogo.cn/mmopen/oVFgdumbxvk0G0U9oYBOBbxEjXWB0NXbLAew3mIiaER8SuYKYm6xMiapJj9xpvttEm6FBr7rSf14mY7CXqMHTFxn9x9H4RiaEBY/132"
"	雪狼","	http://wx.qlogo.cn/mmopen/LeOYyN8j2GW3aSWpialV9x3XNYfLglfEmZwAAmdCHPa8Ty37vX51ibmgLsKs0OPQHsoFUNoluAIoe62BibMg1mkjRZAgiaWVqJXQ/132"
"	Axue","	http://wx.qlogo.cn/mmopen/oVFgdumbxvkPxkvXnzr1vlQM9VrebDkSniak6P8lFmpyK23X7DicgcuOZZ4ZSeicMpyRfmmh5ktuWcVS4bqcTW4sm23mczMkRibe/132"
"	田乐","	http://wx.qlogo.cn/mmopen/ajNVdqHZLLAlWsaaSbgia8W4ZHC8m9qnS1uyQV0ldUiaN48knQtvZTibTXdpe14AclZfPda0hesI4w4OqPP0nJ0CflJ1z1vhSkpg5IIUorSibDo/132"
"	 小宇","	http://wx.qlogo.cn/mmopen/LeOYyN8j2GVLk691F8NXUF55icibT8qVYXXpWeulfefudzBsMq58peTs0lH31DnYNt9YPCLuU5QyWjDZCROoY7ggUHiap7P30Fv/132"
"	琳琳","	http://wx.qlogo.cn/mmopen/ajNVdqHZLLA1EMjBYCIUjakebqFcLma5oquwDtxiavgy6jt1djv8gw2Td4yA0ibxO1Lj22qpUUunb3Tm28MqWMWQ/132"
"	小时光","	http://wx.qlogo.cn/mmopen/zsUXYY6y4cKsjMx8tsjIDJ6LSwYX8owVUD5QHF8kweXfa2anwO4kOUL1zafVOF8hgBJQbGJt1kaXEcr8HWUaMezJGIHFYLGz/132"
"	～荣","	http://wx.qlogo.cn/mmopen/5XxOrpBd25veRlrjxicoBX4kEJ2UoUC7PKyeULvh6hToNvW3yohP5V6OYYNwd5rkibqr16zhHSxDjPG95c0HNWWI8pmYUfB9mL/132"
"	烂人","	http://wx.qlogo.cn/mmopen/UF9ibjR5bYZp1CeYibHfhQ41xNxBUibu7VFczpcmb8Dc04IibLYB456ZkfAiak8lLiaCHXxfdPCnrtfibqDP0X4LS9wkLPliahmEyzU9/132"
"	 老衲还年轻 ","	http://wx.qlogo.cn/mmopen/UF9ibjR5bYZp3kkBZ5ggicFIBn9qn0FVCxujQ8Wa0jacwFMQRmRW4SogNYjAuiavEn4utVaPDEn4MtSIjR9qDkB1rFib2aIX13Eia/132"
"	地娃","	http://wx.qlogo.cn/mmopen/LeOYyN8j2GXwD9fEvhM4pS6ZPsh0QszBmNJdZq14k7LowibMQGiczlTgO5m0pdZYbNN5tOHHtGw3wNdSVG4Dn2E8ibzeJa5goQk/132"
"	better.MAN","	http://wx.qlogo.cn/mmopen/QCCI54QUsCuDUFDHlhKLdyl99m1MKhPck7oqhRZoibsQbv4W3RNLicaZEdj5BUSzB4VunArkmpHCp5GEqjjRdpP08Kz7fQkgpia/132"
"	Shaine","	http://wx.qlogo.cn/mmopen/zsUXYY6y4cJaxNj0Clldj2sJJseUiclhxmCa8NqIY4ovfICfGnfWhtbXTht8fHkqsniaZqicqbmibPn63RASWjSfoQ/132"
"	谢朋飞","	http://wx.qlogo.cn/mmopen/ajNVdqHZLLA55pk7vagxSpNjbBZcUVHjepB4C3naHTDSej45nMDIR2zxZnwEbdZTicX08yF2djMvYEEmTuhI2zsRIibbzCB7Gv6ib8T1kDGNN4/132"
"	百花峥艳","	http://wx.qlogo.cn/mmopen/JHY3H0ibSP1vE6wPCibJv4iccHiaiaE3wk7nvMRErF0hBkQmEzu8bvU7Pkqwib38icy1e04Od2svyP7d4FpvrNZichzRYoFCEibcQbza3/132"
"	健哥","	http://wx.qlogo.cn/mmopen/UF9ibjR5bYZq6lyf2xXIh1EvicicgJONgLk1aSSiaXicN2eG3TQ9Cn4YRWdjfdkd6k0EaQjyFueuTIbyY0B3juMYMXCUvuvLwHt3p/132"
"	ABCD","	http://wx.qlogo.cn/mmopen/oVFgdumbxvkzjzb0loNSOh3XaYM6Lb5FEkZCxZ92yNcU2BYXAsRCwNV7sD90Q2OQJ1icyWsNMVH8wwTBYAvP9m8ibnl9BTU6uS/132"
"	阿诗玛","	http://wx.qlogo.cn/mmopen/LeOYyN8j2GVLk691F8NXUEicH4Luqo1TXRmsYXwCIqcj8rEtbwE0SrcMpAs0DlZn8Zk7Ggibdex0VpVAjRoYnIyic3oVWEwSuwW/132"
"	?安然Y","	http://wx.qlogo.cn/mmopen/LeOYyN8j2GVLk691F8NXUIYFC2trb9IlCQibcP49JK4kFp5oGae9uYMqKsia8Lmn5eycricZoqeEkWt9T2ic4POWQeYujN19NvPb/132"
"	紫色芙蓉","	http://wx.qlogo.cn/mmopen/LeOYyN8j2GVLk691F8NXUBibH1ia6Ibe1icPwy2P8ITJDrnf7RwF5x8YiaCpJP8hXWpNb9bnc0Rz2d5ftrlf9Yuu2dycNx52qh9Z/132"
"	妞妞工作室","	http://wx.qlogo.cn/mmopen/ajNVdqHZLLDdb26Sck3qHJEGKfQUk9uicsgPWL4VDHMicpbIgorgRO1j9DwO0wibt4RYSV8tjBkVWct6vWz24Z6SWyKkAfsOO1vcyicUShib2iaFI/132"
"	Anesthesia","	http://wx.qlogo.cn/mmopen/UF9ibjR5bYZomkWXQENcDNMMQMia5uGvFcK6AAO0f8Zptunq8PefEc7xfofEhEOkgmF8u0AwUcPwpKMWQ4gibXLH56hv4Cd0zVe/132"
"	小芳","	http://wx.qlogo.cn/mmopen/LeOYyN8j2GVTRH2icLmic2qzt1iacZCCZdHviaicLNZgqs616Uv0Oic2T330WSVlmmumWsYEcNySwJJfbTpkxNTUTrpuWBicOD8xgn7/132"
"	暴雨趵婊","	http://wx.qlogo.cn/mmopen/UF9ibjR5bYZoSiaChDHicBN3wd6Gibia3WXtaPKzS3vqzib11vm21r1tMlgyNeX0k0UGXumibJBzNl7FicBQdbkm4kKlRbGw062DyJjo/132"
"	司机","	http://wx.qlogo.cn/mmopen/UF9ibjR5bYZp3kkBZ5ggicFLVG5DVKSmRk2Tx1vr3e0ualJgbib9iaAxRuxKx9PFdv5AUX4C6iaFQjFZLPggP2jROCq01HY4BljcM/132"
"	金昌隆","	http://wx.qlogo.cn/mmopen/YrER6lgdhBxmE9unk8jYPIeTlViakBh6yKxVD3arEuibW229VDqQUxeOHdqhPvFoohnS4SEa4D78Pfjibtcff1ibRSdeEzErv9xr/132"
"	小妖王胡巴","	http://wx.qlogo.cn/mmopen/UF9ibjR5bYZrtaI8M355c3zibMkl1oTZjRbhw78efoFBJAzap8Rtv5aE4HA801Pc1gJaYS1Ap2KaCKR1SnOT0ib37K1EvsZgCLA/132"
"	浪子①身轻","	http://wx.qlogo.cn/mmopen/LeOYyN8j2GVLk691F8NXULqfdolsO3VLrDZiah16KTJMrkIUsNAWCHBjk5wLqa0ddyHp6akJNicMv3nAKS1ia5GCX6kic6KZqc9s/132"
"	元宝妈妈?带娃?非微商","	http://wx.qlogo.cn/mmopen/UF9ibjR5bYZoMFOggibXEiasJxFmrTfzhibCU8dt6HZjdMrfGQxRDMlqK7EZuYLkwIP07nNm0jbYqByuRF6d4VQVXuBicx8JPBuwV/132"
"	[の峤^卟留","	http://wx.qlogo.cn/mmopen/oVFgdumbxvlAyoWFicE7Fncnrh3LQTicJIab8jYKaZvrmRof0ficmQ2Pke30G63z999PYXVaEiad7gBs315P3toLxXj2KiciaekkTs/132"
"	媛心阅","	http://wx.qlogo.cn/mmopen/UF9ibjR5bYZp3kkBZ5ggicFDIX2gBNzziaeaybTROdwia1PsicZibgC2asJxr9gs3micpWFa5p9SEpiaqmZKeFCnsoHPfPt57Hw7vOqF/132"
"	鹏程万里","	http://wx.qlogo.cn/mmopen/QCCI54QUsCuDUFDHlhKLd2ic9eic4a6rhsrN4icbU35N4yuwJicuRmscvhnEF1Om0ibSsiaGsibR3wiadq7Mh4ETqT6Jeca1wEDbRNt6/132"
"	Mr 王","	http://wx.qlogo.cn/mmopen/PiajxSqBRaEJbMIN5fOvyAY3TzFLFqCNtdZEUBRdPLticVsWQ33l6qFNY6N6QICFaogyhaZUJj8l8g2yKmf7TLPw/132"
"	绿茶","	http://wx.qlogo.cn/mmopen/jTCDt2Ym9CibXzKvD1Pf9LjFQ1Yuz5df259IsdQvsYDLbKxiaW2xZib1LnIQKQ5cJSLwXUTibuHOolgOibeKE3Libsv4E4WLoox7qD/132"
"	雨烟青石","	http://wx.qlogo.cn/mmopen/oVFgdumbxvkjcgehd1JwKLYOncS4ZCy0dSficKmZqFyYtT5JHpXefAd3ibzFL3rHibwoyEiapmL76reGXZ6kWCibI9A/132"
"	权萌萌。","	http://wx.qlogo.cn/mmopen/ajNVdqHZLLCtYneJbJERLzxcSUHdM4Ticsef5M6icPCAUfDe4TdFOTFhibd733ictib2AQzmbO8ZlmRyuiaroadA4Snicbf2mMMObdpzgMltYpBMv0/132"
"	A中腾信","	http://wx.qlogo.cn/mmopen/UF9ibjR5bYZocK07N47YzhQujUO1J2wgDEB4kICPSgodsc26I78bUfbAAlSsVPnkGvvgRCa0efZcCRFu1jMzuQeS2Lx4jWnWic/132"
"	Lucky   baby","	http://wx.qlogo.cn/mmopen/LeOYyN8j2GXwD9fEvhM4pT1A210icJxJLKNkMRwYhXgUPBR1JWsP4slWI4dcIafaassNPVOy0cGI7HicQJkKRu4Kc0efo5wQd1/132"
"	 钱满满钱","	http://wx.qlogo.cn/mmopen/B4TDcF6cTFiacWxNjgXgIRZXPDSh0f3XseKac12zerPCSQdh1VCvf1dmmicX82iaTJ2I6ru3BZicwibibDYRzHp6ZNvguVGPicZ0hfq/132"
"	车之勤汽修美容中心","	http://wx.qlogo.cn/mmopen/LeOYyN8j2GVLk691F8NXUFQNMH2KT1eEvuk5GNbuhM0DQ4tntUmz9QZhb847nIL9swjVTXNBodq9bmqs84f1g1vqbibc8L5nw/132"
"	A再次起跑","	http://wx.qlogo.cn/mmopen/v5icrCibB8ontp3hiaiboaic0Dufk3kZiaqb0icUPVK3MqS4ksRlfQibFzgrqBAxA8ib3e4JbA9Jk0iczED6vByjwmD976ibtg9A335Ax3P/132"
"	Zzzzzz","	http://wx.qlogo.cn/mmopen/oVFgdumbxvluZSlDqJib6x6ibWymb7XtED9PoItJx7OjLBu9pa5RO9L9dGb69LdAlcFkYATLhFdzj1TOccjXNlL2EwIhZuDJvT/132"
"	为将来奋斗！","	http://wx.qlogo.cn/mmopen/PiajxSqBRaELvMMuh2rhaRX77S8cfFesh3EdR5AhtQY6yWuetaGlriboePRNXSSeOIhA2qroot8K26SUr8eDEIuQ/132"
"	M24主角","	http://wx.qlogo.cn/mmopen/ajNVdqHZLLC0BibfyHdHUOzu7n2dfZyXJusmD8GFYTG9ZibLzEBRI29Nu5icdmXXPaHQmSfmGdK5NNxRU3lCPNiaJ1VaV1RWPZnQicGsM3LmfJia0/132"
"	中汇天下 汪梦洲","	http://wx.qlogo.cn/mmopen/zsUXYY6y4cL1WyR9QZfLKkzhcA50qHh6ibemibXgMMNJK3WBeOreUP6OgnFkXVSaIx3wTXDAHIlUg3kj0Wy0Lh4A/132"
"	涵曦??玲子?","	http://wx.qlogo.cn/mmopen/UF9ibjR5bYZp3kkBZ5ggicFKJcXvia8X8VCdENaKykicBQ3Kibrx1283ibtic7Dlf6V1sLic0R96TYicFOxGJugbq1tsavxtbhbJI8spT/132"
"	逗比协会","	http://wx.qlogo.cn/mmopen/QCCI54QUsCuDUFDHlhKLd52icE6kCkB5oxYTxRDicMauqPozL97v21lY34ib3YG79icia9SOOjNBPyuPY3xJHS51ak5ACiaOp0hicjh/132"
"	龙的传人","	http://wx.qlogo.cn/mmopen/Q3auHgzwzM4POJznUVB3oUX1pSI9EeFp6Mjjleia1e7xOhzko8oyHqw02ibFGT2Z3KklFcMibnP3612jAtuuYw2WWgy6Ric4yqfsqjSAMl5K4YE/132"
"	A卖了自己买世界","	http://wx.qlogo.cn/mmopen/Q3auHgzwzM4POJznUVB3oUX1pSI9EeFpdj4PG6auTJjfO79xL6IjUYc0xgicRLuOj3OYXwNpdboW1qSFwM8Cb5KSozM7iakPvOhpgzVjBJrkk/132"
"	W霓言  （咨询先看朋友圈） ","	http://wx.qlogo.cn/mmopen/zsUXYY6y4cKsjMx8tsjIDBysclukO8eUhn72PZjKJ9EUEyK2EBibxnhBd1IaOw1gYy6BA06dIrZ346e25uYNKIoAMx0H1rItk/132"
"	DMZ","	http://wx.qlogo.cn/mmopen/oVFgdumbxvnfqrnLOoXmf2YEtuPj7eXy8VZVQyQknK2ibrhWwa1FlJsqPhnSm0W2JC7ZPkM2QVvbA4Cs3pPFrKhJTdWuJlaIS/132"
"	小欧","	http://wx.qlogo.cn/mmopen/oVFgdumbxvkBSQCO5QSn3lk51GQ9Ln27XNpd6lXEZ2Yxia5R1zuyHXQsNbmBpA4l8ugVHC77MXnib9vQT6LGE1eqkrSuquR7Xa/132"
"	Ti  Amo","	http://wx.qlogo.cn/mmopen/oVFgdumbxvkzjzb0loNSOjLvDHickzmjibRrz8VaichRicDSF51cBx4qGIs09GbwMHsIxlsyMtrxl4B93iaibvEoxXSAvtWPk1TADH/132"
"	帅哥","	http://wx.qlogo.cn/mmopen/oVFgdumbxvlBCz0n3iaQiblwTbEjpuCicahE0VTCibCmOMqMH0akLeDrJ6f3wricrX5WAVC5ftPEfOs9Es9cC3Y7IKlfjJGCk51gr/132"
"	Shmily","	http://wx.qlogo.cn/mmopen/ajNVdqHZLLD9zx0hdiaM6A8j22HSsElfhfCKiboBeYIftnwrnFl18Dx5nZZCagP8hVHrcAY2PcK3Wo1SdDHaROzg/132"
"	??茹芷氵","	http://wx.qlogo.cn/mmopen/UF9ibjR5bYZpV7hIANxNoEnZ1V48QaGzIf960kj7hiap4sxicLja9ATyDZKxn0J7ib4zNJV5BfbwUq143MGLp5Y04GicUyh8ib024F/132"
"	任晓芳","	http://wx.qlogo.cn/mmopen/oVFgdumbxvmGsKmL7MgyfKTJciaIoW4rz8HY7sEzetcb92nIqCMh3NBmIByjJxciccwLAoFaBpQtYRe2Ilsm0Vh7KMtK2f1ic8z/132"
"	新歌","	http://wx.qlogo.cn/mmopen/PiajxSqBRaEJDicEzvLkYP0ocMYdounGSt2WY3wSIVjgY9DQJkzJ5MtOL8A9yLTxWLJjxDOh7HibL71svDTibGxN6CnplCQC74iaz8oTqQrESO4U/132"
"	OVO","	http://wx.qlogo.cn/mmopen/LeOYyN8j2GXzreYNtIwEsRS5S5lyNia0a6nKTiawXsmDB9jcFe6EyIEIY2lic42s4Sz69U7JaKO80zhWxSUlxVZKSiayKQlaFHOH/132"
"	拉细丝加工","	http://wx.qlogo.cn/mmopen/PiajxSqBRaEKMwNfUVmkUTlHxwTzHD1pMU510WRuzc6GsFdT08ycMqElKJmnxx1Ts6vDQf5C8uNuEGmZGOaDcDw/132"
"	果果妈（电影票，流量，爱奇艺）","	http://wx.qlogo.cn/mmopen/QCCI54QUsCuDUFDHlhKLd4HzJrv6r2Lic3rqKxaQCNEW8vmqibAV9tCfKLSQSGjjDK2m5y0QCW7iaOHF7oLtK5AriavWeVldMEbj/132"
"	W蕊宝（咨询先看朋友圈）","	http://wx.qlogo.cn/mmopen/LeOYyN8j2GVLk691F8NXUGGV3iapVMsSOU5b0oIyHZ6vuibAePfMe43rjlr39chkgh9ic10ysJxFrM9fOjFvhHR0591IkicGl9R6/132"
"	ζ°日晷.沙漏","	http://wx.qlogo.cn/mmopen/bKbHvZe5G4oViaORNZDgqksTfykCPiaunjRthp2JK9zd7OiaLQZCh4JfI7mHy4LpyQZRnkFKic4DRopHibcMxjKd8l8JcbicX5C4on/132"
"	  整个人都不好了","	http://wx.qlogo.cn/mmopen/LeOYyN8j2GVLk691F8NXUJLTDoJKV5mBkNFNNPX1PtAVbpXZBVohNT4tGHzBibf0XJa9uOvVpiaxxVI3O0p875CBGzIJOhFG0f/132"
"	因为我是我们村的希望","	http://wx.qlogo.cn/mmopen/zsUXYY6y4cL9xf1jxpjkxibBfRFuheHkav9wia4EM306LL2NapE5ibRFfGEQm1pX5XvlbY1NEIRibDNC4mDuUoCFgQ/132"
"	大福","	http://wx.qlogo.cn/mmopen/Q3auHgzwzM7SZS1DFnl4yoC9MgbY1n7d1YQrF2eJ8dHlOhFN8PQN7qAEaNZliakVic2RetT0ez3IBBOxO84zgH2A/132"
"	悟道","	http://wx.qlogo.cn/mmopen/t7Xib7n1NHusmEkiczvcETkC5OOg9qa0libKfV3H6zeABibQiblxhr6xtQ6kGVppibYyjBHwMZVQcX9GEfFKsUNibAA0JYJSGp3yEmv/132"
"	?澜庭集市代噶崃","	http://wx.qlogo.cn/mmopen/LeOYyN8j2GVLk691F8NXUNDia7pGKVrELCancNxOCdSKdkXIPenHILbibdgqJfsEPothphiaK1oFzWRkdicC5dp9zDWmuuU1dia97/132"
"	franklin","	http://wx.qlogo.cn/mmopen/PiajxSqBRaELQ1NsbGgARRkTb3gW8uOGfNmLO8RalVahW5u78fn0my0icZKHUaEEECbUfCq10d6uwUIpoC1Cmajw/132"
"	(??ω??)??花","	http://wx.qlogo.cn/mmopen/zsUXYY6y4cLxKc4qZCpctHWdcVq3DHyNjqmgSgwomDUPvs0I6IZ7vnSgRCrF1H8pAGvrianY3ibBiaq62vH2FVetw/132"
"	婷","	http://wx.qlogo.cn/mmopen/oVFgdumbxvlAyoWFicE7FnQUIzt2jtcvP4dy6IgwSzMAbHGFicQs2s03Zw2jjIur4jB75zXK5LEib0RHD8iaTT1vsey0owun42nv/132"
"	澄源","	http://wx.qlogo.cn/mmopen/LeOYyN8j2GVLk691F8NXUF1OERYde0dCGVXvS4swmMWdvdoyCwGRos78nHauB8iavYP8FRVDNQkNm5qftG1NF3S3uVdNm4oKb/132"
"	今生相伴","	http://wx.qlogo.cn/mmopen/Q3auHgzwzM4uibBL6UB5XJthomwqs09tJs79272PgwMwUDohWkwiculz2P9w84VK4YLStOeg60Jicu67c2o0j0zAQ/132"
"	 囡囡网赚 手机钻米","	http://wx.qlogo.cn/mmopen/LeOYyN8j2GV4a7gialJA6sZhDfwNTCRibcmQNqkYrLtAhYw9hIZmb69bcNBPK3HJwSnqgFibahD3kYg9tFGlib9QzxGrY8aEq15ic/132"
"	Peak","	http://wx.qlogo.cn/mmopen/v5icrCibB8ontp3hiaiboaic0DpnPLFRB3ZJHaL3Zxia7VsZJ50Y4s048icjeibI1WibKHSlh90EE9JiarMF5TPibhGLTibT56L81wI91zQZ/132"
"	中国的神鸟泰和乌鸡","	http://wx.qlogo.cn/mmopen/PiajxSqBRaEJmxVSc62MF4El06rdyjz9RMjtpcElickmuIO3gNkz8Libl7CicFicCoSiavHq3lHqicibV0iaXxOKHtIUp4Q/132"
"	Disappointed","	http://wx.qlogo.cn/mmopen/UF9ibjR5bYZqRrovJr7RBVM4hzuj9hFys8vKHM61A5TM7ejeiauiaw46b20j2y7OQkQwbXpXJnATIdgn36qwwaFMptSPkFYuoW1/132"
"	? ? ?    ? ? ?","	http://wx.qlogo.cn/mmopen/LeOYyN8j2GVmOMTMvwsHLjI1zQmviadNlWamrkA6o3qmt2USH2yTFo1voRY9J1kybBoM0k1Mz3fW3wOGVeolibGrdRic9IYfMr6/132"
"	落花成伤Y独留半世微凉g","	http://wx.qlogo.cn/mmopen/ajNVdqHZLLDhrzYgLb1foichtic6Dv1uDyHdQPwVse6D1fOxfxXAbBV6IaCYzkmicgWGicgLtwOHtELfZMZD8WXem7heQJEoBOn6sTG9icXNSxBM/132"
"	。","	http://wx.qlogo.cn/mmopen/oVFgdumbxvnBiaklcxsxViaf0iaBXTicERueE73272klcS88yjic9uHFb3bBSs6ticTBGjluszNKpm2MTRjU0HwlX3Dq2eyZibibXnWR/132"
"	奥特曼","	http://wx.qlogo.cn/mmopen/LeOYyN8j2GVBfd2uk7zddYYnbNSQFTxcWseGoCicqdpgDFhBWDQ70VG8kFGcYPL6fs2few7TrFHEzopr5hQnctMXD8iadALaXY/132"
"	瑞","	http://wx.qlogo.cn/mmopen/B4TDcF6cTFiacWxNjgXgIRfRX1ecWiax8IlJ8ViccUMsz0DaZe7NR0VIMZHogT7TfaibNhm56EI0nP7KpZg7D4L9ialEKKQibzgvxd/132"
"	小刚","	http://wx.qlogo.cn/mmopen/oVFgdumbxvlAyoWFicE7FnfzIxgQXXnWFAuk7diaicKnbsC3iaclJONNlYFaGQc53rXLFHnBaeHXHAVnY6gibBXumb9q5SR2CojIX/132"
"	月影风荷","	http://wx.qlogo.cn/mmopen/LeOYyN8j2GVLk691F8NXUOMaUS57N0C5f1qSiaBkEIfIn5pVWnibVsAL6yOiadbZA8DiaQCBmRhQAjmpJvkt5Ic5jH0bIRZibXjeg/132"
"	捷信分期13985277200","	http://wx.qlogo.cn/mmopen/oVFgdumbxvlkQvSwUueNibMyHDpOxGD7UrW3zibCkwolLyYfKclpT3Mxr56pFXUs6ty43iaxwsnHwiczh90y6wYFa98hxt15nhmA/132"
"	安小栩","	http://wx.qlogo.cn/mmopen/UF9ibjR5bYZoMFOggibXEiasKaYSz40nN2Kp719JWe4G0UpbVNGQZerXaSLYk1zaxaXkfMaopDzn0oMlfKuUDB0KoG1uGcWTyo2/132"
"	周杰","	http://wx.qlogo.cn/mmopen/UF9ibjR5bYZoMFOggibXEiasF4nu8q4QIicgkZqSQdCSticFa03IPodsVoZ5efkz96brH04GZNs4bkXFgQmfgFVvPlnWThruBIBCC/132"
"	恒大金融-信用卡代办","	http://wx.qlogo.cn/mmopen/UF9ibjR5bYZqMfe1gXkGUeZrZr6F8ib0433lE37lycC3F253dnuhBa9FKw1MQZnwPaEfL0DS0g4vAXHQn91ORKE5UQAFAx7MSY/132"
"	1.","	http://wx.qlogo.cn/mmopen/UF9ibjR5bYZo3Q9f0FRFWUBGUO9rNnvcpuokgnT4vF5OwQck4cx6f9FZAb2yicTXEJUA2AibsMIlH6PDgeeeSZNaRhvCrKrh5Q5/132"
"	cool～","	http://wx.qlogo.cn/mmopen/oVFgdumbxvlAyoWFicE7FnW3RtJ001lsDbugic0ialbwckhtd1567kxTOXpVgz8LWd1BEPGde0tGJ79H6MhZjqhbUlRoyEaa0z8/132"
"	梅梅","	http://wx.qlogo.cn/mmopen/LeOYyN8j2GWULkCprSiagNibhNZlPvoLAfDzuibuIfF0cibZr5OHPdS6Kdy0L8XVamKq850TzJibEI1XjibderZ2XOx260wQDqOfnf/132"
"	暗里着迷","	http://wx.qlogo.cn/mmopen/oVFgdumbxvlAyoWFicE7FnYnVPooNVQ8LskKcaEpOQyLWCbf9nopPdjrq7mH5OZpKZItMEfhKm8GYf35EY3GDcZI1iaLXCibhQ1/132"
"	欧阳踏","	http://wx.qlogo.cn/mmopen/UF9ibjR5bYZoMFOggibXEiasMOA7dEibCFn9KnribEQhvjrq8ysmrRum2CL2dGQJicDEiboDQVk9FpgOBnVUYcdsUU5vibYUTic2Sw3qD/132"
"	孙裕华","	http://wx.qlogo.cn/mmopen/LeOYyN8j2GUzdFpwT4Ozr4bN17Qx1UIAiclB9EVCNHbsYTb0m1RP3KaeYRXibA3olDHR0Slia8LoaCPv8z6tTWZnw/132"
"	AA^微津南 有事您就说！我是雷锋","	http://wx.qlogo.cn/mmopen/zsUXYY6y4cJd3tZEzbMHNPMs35TdxoiaPDibvZen3JdA7ibMyTmJiamf5Odmpjia1WPic7VYZgdDCrO6UdUHA1KvIibDA/132"
"	珍惜","	http://wx.qlogo.cn/mmopen/LeOYyN8j2GVLk691F8NXUPyP0uCc0V3Uiaia5LvM8dvQcvbMLn6iaZGdzCzPQnnMMv1uCXrheCCIuzcLrPYHH1mUPHJPeos35WA/132"
"	清水","	http://wx.qlogo.cn/mmopen/Q3auHgzwzM4POJznUVB3oUX1pSI9EeFpKR2dc2lcia26DzBNPq3bmehLHKQM6yg15OVg0bXlWBJvmOAZicONVclVicKGkjwH9kr9EBVLCH1wyo/132"
"	夏","	http://wx.qlogo.cn/mmopen/PiajxSqBRaEJcNoicDRBY2dJJPQrbRnzJmnWUgkQ4jTKZ50ukwU4icmZ0pasRCxibwdhpWsSONjtFDgjLMic584Kz8g/132"
"	A左藏三库王宜洪18685168518","	http://wx.qlogo.cn/mmopen/LeOYyN8j2GXwD9fEvhM4pT1sTNHIohACa0cwaEBvvSLYcmv6wBID2lY2H02WzfaiclTngibfnk7Xv2joEcCmbuxDk2IXHkKQGD/132"
"	阳欧","	http://wx.qlogo.cn/mmopen/UF9ibjR5bYZo9PDyp4avQ3NtZpkQpp6wtse95RraicmibhrQDaDxMKFibZtgvn9DWagx5q9jCRNLjbA4eH38yAn0cLUsNSYCOKmia/132"
"	半边天","	http://wx.qlogo.cn/mmopen/PiajxSqBRaEJdwuNWh5gAv8hpCYb1vHkVicxWBb9icficLF6ibjicOT2WsHFnISQ5V0jWru3sxZjOLNWiaiau0kMrLTJHA/132"
"	A.杉杉","	http://wx.qlogo.cn/mmopen/zsUXYY6y4cKsjMx8tsjIDLP2e9hZfN58TMx7WXMUSWhsugBiaMG2z4ib4icGiapmZlDzkEwAicfQJPicsMK9aKkBNZdtibutVdtbgHB/132"
"	A0000褚红","	http://wx.qlogo.cn/mmopen/QCCI54QUsCuDUFDHlhKLd9CibV88PiaznRiaCBAQkZGCT7gy15tchb9YibxJKHPA0f00JbJErG8UQtBTRzLE3tAByUBIvEeVn8UK/132"
"	幸运星","	http://wx.qlogo.cn/mmopen/oVFgdumbxvlAyoWFicE7Fnd3DXAXrwlQkM6TjnAiaEHF61dic8Vhvla7Dr5SbYhYibcMSwxY4xnQSzlGW9x0TXmOBWdEKVWjxODH/132"
"	不可一世的嚣张","	http://wx.qlogo.cn/mmopen/LeOYyN8j2GVNHk4O58pACt7xZsxwyY3zbliaS9ic3Com6dWHCvJQlHibbyROgQPnYicEfgaUKUESQBe3GMAeic3USDFCUziaBkAPUg/132"
"	童斌","	http://wx.qlogo.cn/mmopen/UF9ibjR5bYZoMFOggibXEiasHgRLAZR8S6gGzebHoicKzHs82wdlibNfnic39cczWQ2ZV7ChONc9WLGb2e8B7ZfnOJ3AvxZoJibnmzZ/132"
"	细雨","	http://wx.qlogo.cn/mmopen/PiajxSqBRaELySkbgRdwZEeveEwEk8c7RnuVUpXJpz2zZG4q4cdBYibZCstj3XIR1TiafcdGjJz8kekWjLnzXpmwg/132"
"	my sunshine","	http://wx.qlogo.cn/mmopen/LeOYyN8j2GWjgD4n6niacIDULWluHL8gaPtPR4QC0micNvH8VRKh8djoK5n5uqfziaw4vvmRqMUy8gEp7p7Q8FHDfPLlskVf5gI/132"
"	??澜庭集?  小向先生","	http://wx.qlogo.cn/mmopen/oVFgdumbxvn53SGlAjF80ITCqp5e5wia6QIZvsGuMgjG8rxfvRX4hvekPHTA8qAPN9hBuKypBgXg9zT4ytzBwMw/132"
"	A   俊霖1号(咨询请先翻朋友圈)","	http://wx.qlogo.cn/mmopen/PiajxSqBRaEL0fsX2IIU04gpZG0Mp8AADrEQiaVzSlliahnRgI7u6XnS2B6ibA8NPic0IKc8PavdlnA1fhVhJVwXx4g/132"
"	微辣","	http://wx.qlogo.cn/mmopen/oVFgdumbxvlAyoWFicE7FnQhgdTnFDYE24D9pbGOmLDYAJnibHiasNWKJ5WQQznkracVq5yAEs0umgqv9qGjV9o1EKygFUEiaog5/132"
"	小思敏。","	http://wx.qlogo.cn/mmopen/oVFgdumbxvlAyoWFicE7FnRvhAXBe1nTG9EvMrSffDjlicK63fiaCgpBhWZ9XdClNXN1CdWAEu1t7deDQMKuQicWYEtMaI5IVyKm/132"
"	刘炜","	http://wx.qlogo.cn/mmopen/8x89zichLnChZIIN63ZHqdyDnHTro5e6iaGNYHFmOp1klbjJdZyldH90z5YU5Ecg8gy8Ua2Ntfj4Yz9lUHPiabqLIb5q8PDsqnc/132"
"	奋※斗","	http://wx.qlogo.cn/mmopen/LeOYyN8j2GWXkoh4Dghh9WgUWI3790D7ga1HDoJSbHEksC3LnicsibibQeVHysRwJGgbhIxebObuuVaL9Gx73LiaNEdfag9KLlyC/132"
"	黄茗","	http://wx.qlogo.cn/mmopen/oVFgdumbxvlAyoWFicE7FncFMqxaRNdy1aJZ8zA6QvXcTCMicsVoM99V2iaZwU9u3JFIXjrWbAml2SCib4fzZzs7ibTHvjdZVq4gE/132"
"	A000沅江美尼美整体衣柜 木门","	http://wx.qlogo.cn/mmopen/LeOYyN8j2GVFicYTic3PAJtP4P0Td3Lf2EeVK9bWkqibqcx1LtrTKlegxG9GJaaLePeSZTY4cqpXZbSnD8TKxRNOaWz8DicvNafg/132"
"	贺丹","	http://wx.qlogo.cn/mmopen/UF9ibjR5bYZo0vpliaAohGibD2o3CCfkVHIEsOch35wzCCXLgDcrtuWoibRtqib3D9MAorLpDBYGfDG4LfNAIOeHXG6nVoAuGOvqq/132"
"	sun","	http://wx.qlogo.cn/mmopen/ajNVdqHZLLA55pk7vagxShVcjiblRyP5v8LhMv9QQW0oZqrxG7EfQlO0joLZNFk1aicpLlWR3dHH8qSqPZ72sWfdTcZVIPdOoAq7iaQJSgCaoc/132"
"	W罗霞霞（咨询先看朋友圈）","	http://wx.qlogo.cn/mmopen/Q3auHgzwzM7ldG9ibjC1NjeFvuJK4GMlTIWMSCM5y8NSiaIxlUv6iaBXhca8t6nWIib5RgYia8VICgbQkTej4Bd7SEQ/132"
"	红豆杉","	http://wx.qlogo.cn/mmopen/ajNVdqHZLLBwTV6hD5sDx7kic2zA2eObHquFl7yibAicbgNu90pnHqbE6hNXfZvce2GRSibUUibxt4DpYcgMwnL0M2w/132"
"	淡雅☆","	http://wx.qlogo.cn/mmopen/zsUXYY6y4cKsjMx8tsjIDImk4zlV1DjE6UTMViatO4UkNY2I6aFicTmLZt5a4QOzWz5fzKanOV6W8VMSpYWibgICicXdUznB3qcw/132"
"	哦静嗳七系列","	http://wx.qlogo.cn/mmopen/Q3auHgzwzM7U8umyicMjibwO3DFyZxpVvAUhn4dSIicSbU0xs0gBZo30cKbMeOOe8W1gemx7VSEZc6kuGziaoiadhBysQexAA4ialKcIjfL2j58Jg/132"
"	振兴","	http://wx.qlogo.cn/mmopen/LeOYyN8j2GVTRH2icLmic2q2Ljo8uhQjUWwlicRWhicwwq1EwOWeNSydQcXZZ8J0SEFT3LRbSgSMD034evq01lC4Jv2uwh8yOKD3/132"
"	Kai开Xin心呦","	http://wx.qlogo.cn/mmopen/ajNVdqHZLLCpgqAxvVhewcQ8g6K2rL93ajRQd1F3Vr7cKo7UR4kRp9BG3MQFCU7ODibWAu2wqQgk3icovCAWeKzQ/132"
"	风","	http://wx.qlogo.cn/mmopen/UF9ibjR5bYZqjy8fsvoy6wy6r57NaAIVVZiak3do5Wkc9XXfvRzDhPZ4ACZgslP4UH15wfXvQgKsibHIfX4zEZk2GhDWjE2CJ9v/132"
"	小文","	http://wx.qlogo.cn/mmopen/LeOYyN8j2GUuRDiaRkRPmC7Y9ZJke5zNJKHibVx1Nuc6fACc0PSY1m7OlMGWu84JS8ia41ic6FB2YTRGYg6MIK9aGdNVugas70cd/132"
"	暖暖","	http://wx.qlogo.cn/mmopen/LeOYyN8j2GVLk691F8NXUFymsyJGKBnszxIPRtetlAmNzBIdlGibap6hGgjHzA5An1CLWQaN57828E0HLaFFKtXFUQjZicby0f/132"
"	小时光里的小幸福","	http://wx.qlogo.cn/mmopen/LeOYyN8j2GWRuq4BJ7CIXgaFwYb9ukBMFb19dmFfQSiaXfjeMa6U20H3nAWjvchiculn9PUICWXvRF0AJv4zGg6a6pgiaz8JYW6/132"
"	A飞狼商贸杂货铺","	http://wx.qlogo.cn/mmopen/UF9ibjR5bYZrTDRhcI1oaKmbd1MxaWrN6khkOksMlY0dna4O4ibzNQiafPZbwsZqxTySH40mibkqEMwcehYNaxkG5s9EMWUppIcC/132"
"	水果西施","	http://wx.qlogo.cn/mmopen/v5icrCibB8ontp3hiaiboaic0DtWibVlLKZo1e3U9kyspFkiaren1y2Gibc9Czyd3SdONQcwuWeCPEW8ewLsFxI54UibQt42D0OZrCScp/132"
"	你猜","	http://wx.qlogo.cn/mmopen/Q3auHgzwzM4dFIovZiauxzL0Ff94j7teB6iarRlvQh1iasf1ibNzxPYoxd2bTQQkEylhcZpT1rwqWpGmSLK6VENhvlPCzibeUoTnOoK6P8njo9VU/132"
"	话费充值招代理","	http://wx.qlogo.cn/mmopen/oVFgdumbxvnBs7Fx5CRpibvaQiaDxzHWlekAWicUXbpaMHElcc0s8DSwwulBvZ7B7ypkLrd0rsQOXqKoI1ty3NlFicK5CfvPAznn/132"
"	Pbaby2yang","	http://wx.qlogo.cn/mmopen/oVFgdumbxvmrDxKrFGYwqLKIyTnjKfRfqoO3FRXk430Bc8wY5lvMNwl1nb08hC8kXdo5Hbq3TFTp874peoBaIw/132"
"	佰安15715800110","	http://wx.qlogo.cn/mmopen/Q3auHgzwzM4POJznUVB3oUX1pSI9EeFp9Kb7WRcorJITIbrjVzfauObL5rjpstUsFwO36rMkMOWhvFpqUyMaKE82mR1wqdDdicCcjdd6nJpI/132"
"	百合","	http://wx.qlogo.cn/mmopen/zsUXYY6y4cKSbz7o008qAZstTPQLIWD7ibX2cJXicfRhxk3lDiclacxe3c3ypT2oeJZTUuFZyXmKvQXbYmZJx922g/132"
"	晓晓","	http://wx.qlogo.cn/mmopen/zsUXYY6y4cLLwTEJs1LicjYJryofpvvLtZH6ibfmH6iatxvAlVSFfwRPzZT7G3jpNrsSh6Mz6El59JMRicSELV3FFw/132"
"	成城","	http://wx.qlogo.cn/mmopen/zsUXYY6y4cKsjMx8tsjIDEvbxCNkQzQUHqicgeicCjcFIzuLFPnmVnPQc4eKWhL8J7Sr1xN6k1yZn7h2Q9S5JuGNVQkP70kQUh/132"
"	lin","	http://wx.qlogo.cn/mmopen/oVFgdumbxvlAyoWFicE7FnTcNNiaoPPWcTQkD7JIcaMy2JSVJxODpyY0iagByvUfqQMF5icp5ndLAbZxnGcy3u27g2SKB3iaD33TD/132"
"	借款咨询平台","	http://wx.qlogo.cn/mmopen/PiajxSqBRaEKxNt4uVQPv1OPSicM6hG9K7hNKsCLtriaXZmYN6dODDAXC7cwxkxO5Ur8XEibPOZyLugBm1LJEROqAiaKvlvLeYrbJ7QDRCuTAldo/132"
"	自由人。。","	http://wx.qlogo.cn/mmopen/QCCI54QUsCuDUFDHlhKLd7nuPx23PqSgsAianYRgcibeAQqS6cMicXyeF09hgaibc8ibzmvbkQCIrqDyaiaYYVR5jE9UTBG6vicTf5b/132"
"	不再联系","	http://wx.qlogo.cn/mmopen/LeOYyN8j2GVLk691F8NXUGs1vm2wStPDDbLf6GFPiaKMHO7ggFIyVp2iag19HJflSnBB9yEkmQw4eP6ib4z6IEqQh8icjwBdVGKQ/132"
"	陈建东～飞科～深圳、东莞","	http://wx.qlogo.cn/mmopen/UF9ibjR5bYZoMFOggibXEiasL7As42VZA0QZomcu4VYa5SGHPBfKfhw5A2oXHYnA17ImqavibH8c8EesEhfiaZONZXowR8TnwvN56/132"
"	浮云游子","	http://wx.qlogo.cn/mmopen/LeOYyN8j2GVLk691F8NXUCYLBvTsJMAibKxSvKBtycDibibLdgLEGCiae4eHFaxk3XaZNMV5Ug7IEoYS90Jzufcq0obEjTWGJC0H/132"
"	围裙妈妈","	http://wx.qlogo.cn/mmopen/oVFgdumbxvlAyoWFicE7FnTqR46bL7EX8L0kpN7z6QHg2SnCJEfDAlbfRKCxA1xyuvyORZZYgSicpAMXBSlmKoyeqZSibRWDwOO/132"
"	King灬金木研","	http://wx.qlogo.cn/mmopen/PiajxSqBRaEJibnnv5q5w4LOkalGvHvk23QUXcdN7hnFtpxzwwsv4zSWibUJa7xtxkq07oVq0ibhhCz6Q0xdITOKcg/132"
"	刘沅洲","	http://wx.qlogo.cn/mmopen/zsUXYY6y4cKbicJjyCu9YDDqia4bj6fN1fcCZsgZ9rGen5UcOdJGGfAicqay5b6NEJSOE1ZnN8AKg3dSsYBSACoqA/132"
"	周胜伟","	http://wx.qlogo.cn/mmopen/oVFgdumbxvlAyoWFicE7FnXv7ryHibP2zQZ9UdInOImncpE7tDntEF759EPRtYIoctVGI3mIGPzPzxibib6qhfoEKYYyhOj0ia9Dy/132"
"	姗","	http://wx.qlogo.cn/mmopen/PiajxSqBRaEKBw8lQ4tdCjyMp4TwEUK72WribNA1WCcziaibIyMeKr15pw7JR5FDJ41DbvQEQF5x8LUITmuDvNCVTQ/132"
"	梦子","	http://wx.qlogo.cn/mmopen/oVFgdumbxvk9T11ZibeKvlr5XOH43Ibx1LQODUicI9tt6UicxrqsGF41pCgeJSfiaaG0cRRQe8SG8G27lHAKyzMZGGdvhROj9yTN/132"
"	和其智","	http://wx.qlogo.cn/mmopen/LeOYyN8j2GV6FG5fQJfyiccKsyrJTDMOfqMcBDZIQKAAqKbg9iaEiaF4gSRcA4FEicjwbpeAjnRFuWb8fF6wlckRFOv5ic0gKOUz7/132"
"	秋天雨","	http://wx.qlogo.cn/mmopen/zsUXYY6y4cJeuvjTZlja6gxpjHia985akqwNRp1N273gIDOJnbSQsLuVicYcLAG7NN73Qn77ks73dMQibRniaQ4jFgUqQM0V8Vibx/132"
"	zky666888 ","	http://wx.qlogo.cn/mmopen/oVFgdumbxvlAyoWFicE7FndT0ibHVt7Uia94LicexGJ2EUPg2rlHic5bv2G7TJEOztLym8NKGRnrOaMt8Oo8fhIV7hMaDHH63sdicw/132"
"	娴","	http://wx.qlogo.cn/mmopen/UF9ibjR5bYZqXnRDQCuUOTukupt242mJlSk0xpSY9fG4qmYmGlwY4PeqMxh6nJjVmtK7gKricdAs0VYYEsfw9brSR96GkGJzgY/132"
"	森迷无硅油洗护～魔变～咸鸭蛋","	http://wx.qlogo.cn/mmopen/QCCI54QUsCuDUFDHlhKLdy1AK3x1QibG3YOEzp3TphY0LSibFfHrT72YH8eAqwCWymSN12dHjeWVc2RjdcbYfibibQFPWdenz4NI/132"
"	钟爱一生","	http://wx.qlogo.cn/mmopen/Q3auHgzwzM4POJznUVB3oUX1pSI9EeFpvPnv9ouKUhzBCKdkMgvOibeibicrqPfdA3JbfgxtTkCPGbKs6W8OfLhWOC1EwExQFaTVFG4SWFZoMw/132"
"	许哥","	http://wx.qlogo.cn/mmopen/UF9ibjR5bYZoMFOggibXEiasFaLv26Tn1yd1UibushKg7sShsforg1DATITz9sKST9y7uCSKLwGXhxKAYpK89EX02EWiaemMMqH8E/132"
"	 Reserved ","	http://wx.qlogo.cn/mmopen/Q3auHgzwzM4fXXuk3icdicpfl2Bs1rct3GCt3MVEnUHa419T5FvJwFB2WXvqEicWkbGSKibviapsPkCWYqh0SkQaDics9ahKicPpibeSPD0iaibQLibJkc/132"
"	P          Y","	http://wx.qlogo.cn/mmopen/LeOYyN8j2GUbjEUGSpqktoRTsFccX8yj8vKzI5SPctn9MkF62K1VMGsp8c1tc5uKffQRiaHXh8mLbEJV8H7EqL5UraWFVHB9j/132"
"	丹","	http://wx.qlogo.cn/mmopen/UF9ibjR5bYZoMFOggibXEiasGT0VG39xEXT19EKEYianiaAQhv5QjYVTmDyMqtQss3m8LIeiaEpWsXP0ZCdic1cAfPAdHxCZeVywQkT/132"
"	莫迪总理","	http://wx.qlogo.cn/mmopen/ajNVdqHZLLBvMHq9nva8mjDLxiaChKpEG9X3COpicUbVxVALibys2NbU3YX27jiaC7RrMLv4EKE4FTFz3nuUIumguA/132"
"	眸、只为你①人停留","	http://wx.qlogo.cn/mmopen/PiajxSqBRaEID1PJiaEh1VKZdZOzrf5FqibYzbgUibHLUVVER6iap21xhBVwQxph1rZwZ8tStAzSsEYaYy5BrevTNQA/132"
"	健康是福","	http://wx.qlogo.cn/mmopen/oVFgdumbxvnCa2eSQUkS9HesMHQjQVcCib2EwNRibYm5mf34noUB6x38cz8Kaa2BSnucL231ETeFQSG4twK9ibJfiaNpWaMO6UU0/132"
"	心存感恩。。。","	http://wx.qlogo.cn/mmopen/Q3auHgzwzM7CFsHkgGCb8gia9jS12Wx9ia0icj9Yh0klrYt5iaGlhGLdq7fR5iax5xjibphESPA6sroCa30YPjziaMaMNe4cTIFGr2EaH9WaB4PSfI/132"
"	淘宝虫","	http://wx.qlogo.cn/mmopen/LeOYyN8j2GVLk691F8NXUBhibBfzTlzDbyEu56MwyOEMa9TFB1DKqOJ5NAIl6AxwVODjJcbjId1V4bic9MpkgUuKbvsW74oKg6/132"
"	欧阳平","	http://wx.qlogo.cn/mmopen/oVFgdumbxvlKqP6GdDkGHVeFt6L8vrJ5nIZ1PibX7SibnP0WWHBUHLGVeYgibtI6iaTicAEDggJ0dbRoDHLBQOXpr2yibE8tIuSt15/132"
"	?","	http://wx.qlogo.cn/mmopen/PiajxSqBRaEIj1KzjKYiaocWz1w18UiaLm0bpuibYsPMuy6cEmia65swcX5XDrRbFHz4kD8oeFsS5T0FdTW5BZC0eRA/132"
"	狗友","	http://wx.qlogo.cn/mmopen/ajNVdqHZLLDvmfaLmNxM3jbZ7EJ0ScWehyibicUPPiaYeIdQvJSlWowhIDjQ8IamJYlN0Xsiaom4IZ53p47aoWCMqA/132"
"	Luby","	http://wx.qlogo.cn/mmopen/ajNVdqHZLLC2phZUzq8utibxTMW87MibSgGN3EZvwatxuxyaiaroFAYBm72ZGN8FcfTNSFibFADVDHvuibLiayeDP5icA/132"
"	庑⊙批狻咀裳先看朋友圈】","	http://wx.qlogo.cn/mmopen/oVFgdumbxvmTno0TyJlufuS3sNc7CaYyc7ExmZKPevkjwoG84JJdAsMbq1QcVRJPFwBhOqYcQpUjDjzGVzdWdsFcL7g2ibCgs/132"
"	未来不是梦","	http://wx.qlogo.cn/mmopen/UF9ibjR5bYZo3Q9f0FRFWUEEXSmeRE033G64qnj3icaU5EQ44F8PSD0n6u9zJORe6P3zYTFhgndibmCZuUcPceL9BbtG2iaZydFic/132"
"	FOFO","	http://wx.qlogo.cn/mmopen/UF9ibjR5bYZoMFOggibXEiasA022cLg94XgwKbiaUY33BAwJ0iapJwjVf2G0iaiaT2hsKVe8wL28gWfNUia2HT0VuiazSicrp1u6anW5jD/132"
"	Yavork","	http://wx.qlogo.cn/mmopen/zsUXYY6y4cKsjMx8tsjIDNo0NnwIlhVpxnGLLI8NQzFiasysGNuMdgTGj8XuTwiccOibJ13KtjvvXbOX7EmOArO2uzCEhgMJGcG/132"
"	办卡不求人18055897668","	http://wx.qlogo.cn/mmopen/LeOYyN8j2GVLk691F8NXUISicAvRDE4icmoLNdsJ9R9IY2QuOuEL4xXSBup1lJrDs5AK9tdg6fCuCAFSQ6SBqC0LTEsaibouicfs/132"
"	舒睿","	http://wx.qlogo.cn/mmopen/oVFgdumbxvlAyoWFicE7FnR0rKbmXFbcmT1hu9xZnYQLng56y35x5uRd0r9479FIUI1huDQMacTSEbXFXYOu0NqBhMRgR7ILe/132"
"	忍一时风平浪静","	http://wx.qlogo.cn/mmopen/zsUXYY6y4cITQM2LLicr60LuP5d2I39aHhObBZ600uXxrbiatwibSnIiaKpMfwvERpOxBS9Yum4iaicuUXTMv1dXAuVzdHp4HnMFha/132"
"	流浪幽谷","	http://wx.qlogo.cn/mmopen/LeOYyN8j2GWfenMhqNTkkYKIGZXU25GnEeuKdYsvs0KxrbCDfia42Y2A0FAVy8pKyZ949KY9cxTeQs2JE7LMSfVvRcaRfQLLD/132"
"	A1","	http://wx.qlogo.cn/mmopen/Q3auHgzwzM4icDibDAGK73icDQmYg2lgZPZhyvoKyHcAZ0V9HicTbmGdQOE1EauicQ2v6UVwUjsyheIpWoV6HATicdodJicFw6rlic3NIcIPy6pLAz4/132"
"	胜者为王","	http://wx.qlogo.cn/mmopen/LeOYyN8j2GUxv42kptWia04ibpCYapIJMibEYlibfF7TCqqia6ImFaEoavwQdkQ56p0CX0fa7gdTGze1qDtCux3aVic7icoDS4v3qyk/132"
"	万才，精英装修队，和灰沙搬运队。","	http://wx.qlogo.cn/mmopen/LeOYyN8j2GVLk691F8NXUBC8HQ3eehOrrSKKVA867G5rNw7G4Mj2cBxlExnwdb4fQ802EjzS1e2JFuSKTvlKtX8J4MGmHVgia/132"
"	碧桃儿","	http://wx.qlogo.cn/mmopen/oVFgdumbxvl4UVuVf9Ulu9mfLfmgbrBMGz8icQdzibFpr12TkKicp8ohX6k2HC8PA4V3E2WMicewUD3HDsibwI3YicKg/132"
"	","	http://wx.qlogo.cn/mmopen/Q3auHgzwzM646NzOU30baHHWbx2ic0VRkmPvTVFA5ib1MfqNhCx5icqGkibz9gsj3ya60Xu2dGZhKcqapUH15OLibrA/132"
"	茗k籽诱主￡","	http://wx.qlogo.cn/mmopen/LeOYyN8j2GVOMnrUC1386MEzUYB8Pk3iaj1jE84ZZOEILHn5YqIwaNlawib38FrFF0iaQlv1D0SzlOQ0bDgibRJ68JRtEiceDeTeC/132"
"	巅峰@小可","	http://wx.qlogo.cn/mmopen/oVFgdumbxvlWIojXBxwJtrg1M2fLXKU1OlCvNa65wzEzr4FMzwticmiaIc81e6IboOCNbkc8vqZEF5ZUCZNjvRZsVB4gicqEGLw/132"
"	橙子","	http://wx.qlogo.cn/mmopen/LeOYyN8j2GVLk691F8NXUCaXK9qegcIUmpaRkzBAbVHFtdSialKeauZ4JJjF3pDNGjGTO3Szn673LyVBSE6f6ocP1qMbK7gTx/132"
"	纵秦农业?招代","	http://wx.qlogo.cn/mmopen/oVFgdumbxvlLJw1ccXchtw9MjWJ9kkdbfKRL3uttgAN2NMicEUy49OW52VWDCptzcJGecicv29LHvIZiaQbnlia8JRmJ6hIeQs3B/132"
"	！！","	http://wx.qlogo.cn/mmopen/QCCI54QUsCuDUFDHlhKLd1V4kwhTUVsRuPDZkHZ9ueC7iauwyKyE26zQsgyasSkqI6Qd6A29gejoibU8m7mdf99LyMzFvqqQiam/132"
"	CBB幸运儿总代","	http://wx.qlogo.cn/mmopen/B4TDcF6cTFhZ4zFY9rcia7yP3arH2BExVeMmb97XDHlYTPDYXLYyNaueSLrib8BKuVFqHUWnCyoK9zUtmRiaiaVsd4HO3A2cp6bQ/132"
"	A forever  love","	http://wx.qlogo.cn/mmopen/LeOYyN8j2GVLk691F8NXUBWyHgrqbUtdDAPwyEApIEaAK5lm3YYOBRChztuSRHJPtiap2MDxjsJKTgNVX7CKKdg01dbbvzps8/132"
"	元宝","	http://wx.qlogo.cn/mmopen/QCCI54QUsCuDUFDHlhKLd2AvQaXQwDsRNLeic8m86qsYnZib36vpMyicyPyq0BAYvowh1mW6TJOCyH69dWwQoD2VCxhXibtvgnRg/132"
"	乐华城商铺、别墅罗超","	http://wx.qlogo.cn/mmopen/LeOYyN8j2GVLk691F8NXUESclsHjn3cNXicr7UdFwtNF0NhaDGlIKFucHSPYaicRavTuTYcp1l7HDOCdpRxdePXffx4m3EIbcc/132"
"	小胖雀","	http://wx.qlogo.cn/mmopen/01azP2QUibKgXdT5dgpIsQzcDTpicxicOTgzL9EWYBtphVDa6vJE5hmNHjgOqIwmGNicFgW2qHqt9Dc7iaGpQyHsB16UeAATzWjdE/132"
"	微校云科技","	http://wx.qlogo.cn/mmopen/PiajxSqBRaEJicn76BThq78YE0zMa4cgNvTJRHDcRxKCgStPZgV6QGiaDeLdtuiak6TcUjKSEcyQUIemb4GdcEnmQg/132"
"	.","	http://wx.qlogo.cn/mmopen/zsUXYY6y4cILhpgCqcUtBibmX0YRMA22fibG4Uz29OJtyDrYmt4UxD3q90hynCyvAtOnPGWibOu4AKMKYrqe0MGz5khSxO0Bvyn/132"
"	嫣然","	http://wx.qlogo.cn/mmopen/eIuz5QxwUp7R2He8kLDGRXtgZ3MVH7xTxdt3LIzqial0kpXFSpaQWZiaITloLg2XLaSpAe5JPSicgYfrmt8yicKySHvECLUSg6Ur/132"
"	我就是那个少年","	http://wx.qlogo.cn/mmopen/zsUXYY6y4cLhYF67ByrEq8sCJqSkpBCp8XYUKEWMIXZMtgfEe1kEbbcTicFwTpSn2ZeNfn2aTvJt1yL4CuZeibRhMlTWL6lVXx/132"
"	倩倩","	http://wx.qlogo.cn/mmopen/ajNVdqHZLLD4nLGUmnI6Vooo7JxFGonCdGvK8CT5Px4pP2IcGlhASXUU2FzlibvzRjEo2mmia3lW1d0ibHGTVq2QA/132"
"	北风吹丶佳人泪","	http://wx.qlogo.cn/mmopen/UF9ibjR5bYZoZYLYo7dZ9P7r1YQficsNicE55Ju1W14bA7Xvrqg3qdWVQwVERMFSRIJ9zoYdekguztAC5Swdr6on9srhvYmOZRX/132"
"	唯美毒性","	http://wx.qlogo.cn/mmopen/oVFgdumbxvlDXp7LX4ZfB3V7TuYsk8srmpsaSibjqJ8NGISfwVVAjY5v5VQBosibIT1lIj8JFCG8My5skso03RkMCKSDDby9rW/132"
"	s无茗指的等待","	http://wx.qlogo.cn/mmopen/QCCI54QUsCuDUFDHlhKLdibxX1kpumWia4opGxy0LNKurgHW74bnSGwyvJngthcjPehjNbEVNOEkYRf7bujPWb7ZZIBjfp1wa7/132"
"	Ada?","	http://wx.qlogo.cn/mmopen/oVFgdumbxvlAyoWFicE7FnWf4nNwOWmO2Uic4OJCicNZ5egGnpNFqAHeBkicsI5pfJp00YqZyUuT5cicTIDkNwyDgiag3icSYo2Oljl/132"
"	龙乡濮阳","	http://wx.qlogo.cn/mmopen/zsUXYY6y4cKsjMx8tsjIDJpysViaEv2BVJWljxlL9GNjhAB1MJRF0ibL4HOIA0CEM4UUrTDZWHJpt11o5NKYtSKdGnz19WhiaVB/132"
"	无? 不脱单","	http://wx.qlogo.cn/mmopen/ajNVdqHZLLDV9tVWE1gVC2uLOx2j24ZzZsruKMQK1jPgVA598w2KcFUkoZUx7DQKpnE4Tst6ysbnUib8baypMKg/132"
"	未必是你","	http://wx.qlogo.cn/mmopen/LeOYyN8j2GVOMnrUC1386PfM9cTqao6rYmcFbQsNANPLnJvtibrg6oF7YkZaHI19dXFUiaI8wwxFOyz7ia65SJIjNibxBBCVANWX/132"
"	齐天大圣","	http://wx.qlogo.cn/mmopen/Q3auHgzwzM5qvlT8EF0GPHyAkuWbC42icKeXiatiaVcHrOMVjH1iaKb0RUMeKdaoXF8fiaKvUutcq3XHJAoaiajAuG5Q/132"
"	万事微帮","	http://wx.qlogo.cn/mmopen/oVFgdumbxvlAyoWFicE7FnT2yN5NqeEAtKprQrbvt54B8RibPOGhSic3nYRXbwticv1iagF75Qg2FgrSpCaiaoXVsibhGPCyj0mvEZJ/132"
"	爱你无悔。","	http://wx.qlogo.cn/mmopen/5XxOrpBd25sambQXBlMAq83kiaJS2QvWDzb89yWhw7ZG75S9iaYEg29JefJwf0XzgnxJcvXREPL4DLbjKJtonLKcBWqIUOapnib/132"
"	像向日葵一样逐梦","	http://wx.qlogo.cn/mmopen/oVFgdumbxvlAyoWFicE7FnSbYJnOWnN7bqfhFS8dsNkkmKbcQveNXgx3hxpGrRqRvQfkHk99GIAxzic3xx21XUZxob6bUXNWRC/132"
"	校长.","	http://wx.qlogo.cn/mmopen/oVFgdumbxvkzjzb0loNSOuLraKtf4oyk7OX7giahrWic5NC7LciceUXSmPVib7DPiazwDAgviawaHKWZAV2nvgibGMLFxpamOsAic6ibL/132"
"	微美COCO半永久中心-Old Yang","	http://wx.qlogo.cn/mmopen/UF9ibjR5bYZriabml2qC1dLEkNNiabtk5P9U48EIQRaexG4yr11DxgDq9s3raF1PM28ZmKKBDiaeVEqPM8dujC1Sd693LmKKUOOA/132"
"	A雪梨 咨询先翻朋友圈","	http://wx.qlogo.cn/mmopen/oVFgdumbxvlAyoWFicE7FnVQU2qk14HauZnIibcQJb5Vw6jCiceEeQ2s2sR6n6DSIosLFVL6K1ZXFbLicGL7XwGKVWVe93GjFgYv/132"
"	明天会更好","	http://wx.qlogo.cn/mmopen/UF9ibjR5bYZp3kkBZ5ggicFM7nL87ELWYg6olVFdPDriawy7k4jZYibeicMFRKTsyWIyjqicjTI9drNbj3VcJ8NYxPsjnzia7ISTib0E/132"
"	有缘无分的爱","	http://wx.qlogo.cn/mmopen/v5icrCibB8ontp3hiaiboaic0DtFVxnpw7XvicUoibicalhrmLvSvm1X9FEWzaIbHPuAHZDXwp19WGia9uWmMicRgmBMibCqWx3YlZrz2VC/132"
"	叶","	http://wx.qlogo.cn/mmopen/PiajxSqBRaEKMOrLZKRz7RkN6ibzNJW6Joq9Szs2DeX1WMmHLic9IWzhKryHLjHMSA2ZZc7WqAKvTJ5iauqmR1wtcw/132"
"	≤戒掉de好","	http://wx.qlogo.cn/mmopen/Q3auHgzwzM4POJznUVB3oUX1pSI9EeFp6zqrtwpwxIqOVDQL1AO1UfpZo8ia3LexU9ykMIYZlrw9gh0KRYmwZVOVciaNCYNSo4D29VjaRJ9Dk/132"
"	雪颖","	http://wx.qlogo.cn/mmopen/oVFgdumbxvlAyoWFicE7FnbY9hlmDYGTicU9Fp90icaISbo18y3Lxliaekst5DMTB2ibYkUVjSGE0VuTeZ5FOKk7FDwWrxGmbSvQr/132"
"	浅陌","	http://wx.qlogo.cn/mmopen/ajNVdqHZLLBfCFeN481J915V4IfDW33dnXxBR6Wpyias11MtckHzuYFTeBA76ichca3ibC9rtRRfQc3yYFgcOtdkA/132"
"	千寻","	http://wx.qlogo.cn/mmopen/ajNVdqHZLLDgPa3APqOXyT9PWGk1MzT1XOr0w4pr6weuefkkAmoib3SlR9E4hXgEA4rZo3Vf2ueU0gsqJBJHb8fYgXt5icQMsglu01L9HlDmk/132"
"	承诺 ♂那苍白的可笑","	http://wx.qlogo.cn/mmopen/UF9ibjR5bYZoMFOggibXEiasOFmPeHoxAp7DoQqD5smAGHicWtx8eL4zLG0qnAEwrLAJB1VY4UhXfQnKd7Utyjg1Nqdp1We39VUE/132"
"	刘梦凡","	http://wx.qlogo.cn/mmopen/oVFgdumbxvmicLvqJamKhyAjhJTAnAicHWMl5IaVkzscQBZJYhnvg051icR684RF1y3YeBjKHlib8SneiaSdcia7FekQ/132"
"	冰心","	http://wx.qlogo.cn/mmopen/ajNVdqHZLLCJGunBicMp4MeOFP6TaTPQDXePYtw2mBtJiaiaVYuv2VnRibRuWGnyfd4FSdtAZ3owH3T0pzvHsK2wiaic2ZvmSoneFibKz4sRf4KLjs/132"
"	陈志恳","	http://wx.qlogo.cn/mmopen/LeOYyN8j2GWvWtnscPZUcvfNCPhMdjhxCbbUK0Mibwu6O97naj21Aw6V0vh9u3oN8GibXOsncBloju2dUSE4osXQoVcwpRVryU/132"
"	@心软是病你是命！@","	http://wx.qlogo.cn/mmopen/LeOYyN8j2GXwD9fEvhM4pfgQ31cI9ibhtNnum5vwe0MkI5NVQ9AqiablWqzsmOQCf2mb0LXl715AIriaXosiaPR6Kzkh8Mic0pZJJ/132"
"	男人男人最难的人","	http://wx.qlogo.cn/mmopen/UF9ibjR5bYZruJlYulctLIjJwMacP1vRNV9v579lzeIbCYZ8dJFiavCPxpUicalc2O6j4EibSfB0hhia4QfIMTKRgXDlvmkJCg3es/132"
"	Cyince","	http://wx.qlogo.cn/mmopen/oVFgdumbxvlAyoWFicE7FnRbX3HWJcdIUkeTgqQ7wCB0K8vaqpJib2Q4eib4obz6MlkibwWrk1SCHc5vlcNyUmBdeSXUV2UySIps/132"
"	馨悦","	http://wx.qlogo.cn/mmopen/PiajxSqBRaEIYclyF9Wfr945DlxQwCYJGDNibXRNsmjSfhiaPiaFdqLd9IpvylpgjTJZibqAbZoicX6FMBdM55Sia38ng/132"
"	雪儿","	http://wx.qlogo.cn/mmopen/Q3auHgzwzM72JNmPvcP9Be4ZDG8Kqc6poTKIjUhjnyXicBfnGqWjTTia3iacJUyKWmicURSLkwfbLFkBwW8yhqVrLQ/132"
"	A.A","	http://wx.qlogo.cn/mmopen/Q3auHgzwzM7EcTrx1SPicsKX7Jo6mK7SoLpGsiaYYvdAK9xFVCMogEFYHn6PD0HHel2kiaxECk913EEzmZb7HB0Jw/132"
"	微笑","	http://wx.qlogo.cn/mmopen/LeOYyN8j2GUARAUxemawbTDEbjPNficib63FToYysiaISR9IkJicLia22mMYxj0bprpiatfgL8Ib4fND1RV4e7KetGxCEAVEGicpLMx/132"
"	汪三娃","	http://wx.qlogo.cn/mmopen/zsUXYY6y4cKsjMx8tsjIDOjLicIGq6XJqa59TjXNtueSoFObpmq8a113icb0ClYia9CMIS71jPrjPYk2tLviamL1VZHkbH7ib0U9L/132"
"	携手同行","	http://wx.qlogo.cn/mmopen/g4klcRZ8KeIedRxXKRSDefZxZySuUPD6XlhsUfyB4aexLgRcqqpLIOXQDvVEKpUQspKTONIG7NLNXLI5SEUm3HXz7dnThJ22/132"
"	心情","	http://wx.qlogo.cn/mmopen/v5icrCibB8ontp3hiaiboaic0DvVdm8D65DLdCo4h1EzOffzKYib6fpLubNZSfMdl8Vyu77ib8ic98ZYNdlJ7TzJuBDUkricPibEEBJ0Fm/132"
"	Z、","	http://wx.qlogo.cn/mmopen/PiajxSqBRaEJVQcxKPibicIYWhSut0Srq42W4RjZia6nCY5ZliaDrE7P1cXicWROw3LndEnzpsoyaq0uXnDh1GnMicIuw/132"
"	开门见山","	http://wx.qlogo.cn/mmopen/LeOYyN8j2GVLk691F8NXUEego6DLrD1cdUXZZmKdOTKUmdKoRwqcD2yXqJibfuiabrtGQKptYI1ibbAFMs5xtorpCCxcIbOzJxg/132"
"	凑澍毕","	http://wx.qlogo.cn/mmopen/QCCI54QUsCuDUFDHlhKLd9lxNWjCoLGchxAAUjIQicduVdibZeIRKVVmicibAZXBIG7m8VicsqZPsehsQl6iaTBNibeZUic7eEXWzyth/132"
"	Eason","	http://wx.qlogo.cn/mmopen/UF9ibjR5bYZoMFOggibXEiasFhBQA1yCl6iaylYtQdMyfiaSDEKpiaLvMMok0GzbIf2K7CL0THMC1pu1kZgMHqv0Vn3ibVEkicfPxJmF/132"
"	齐丹","	http://wx.qlogo.cn/mmopen/zsUXYY6y4cKsjMx8tsjIDNyWTrrcMWibMh7PO6hrgRh7YqNjhsyxngL7qOhZmzPkjMn5togWyOU0cTdbJeYhAtCK96QjCXWcl/132"
"	齐泽彬","	http://wx.qlogo.cn/mmopen/LeOYyN8j2GVLk691F8NXUHYo91VwSTPnAFwV73kIyzkQ3GcPcTeUI7P7ibqe6f8wdtCfazShx2HeuVo0XA4Zjupqfz8icUYS5R/132"
"	乍见之欢不如久处不厌","	http://wx.qlogo.cn/mmopen/oVFgdumbxvmSHvHNGfYGJVJCtGicG7bpByVOeEh8hGwA7hUpN5UZHWjjfSb2Cs0IwmDZibK7yxKzcG5pic7QKbOSaVTky6vva2K/132"
"	小小波","	http://wx.qlogo.cn/mmopen/oVFgdumbxvlAyoWFicE7FncPEJXQJI0hiaXnn6MqZcWry3kNlJwZAicojWg3e1r9TvhEUAdXZvPr5aycsbic4c9aicxJExShmgY0Y/132"
"	Syrinx欣钰","	http://wx.qlogo.cn/mmopen/oVFgdumbxvlAyoWFicE7FndxD2ibZiaADI0yxJ4QYTrFqVAKmzDakHIpqVZZLicyYjtsaHxFgpfvV6KekKMTXFIrt1Ipibg2CibwDC/132"
"	暧昧乱人心","	http://wx.qlogo.cn/mmopen/oVFgdumbxvmhiahg4cg9eWmicCxiaNHGu6qOxVqhGOYYEInWMbxlxYKf90nGiaISt6rZpUmxPOsx691TSo08paBbtg/132"
"	岳康","	http://wx.qlogo.cn/mmopen/LeOYyN8j2GVLk691F8NXUDJmVtUfxejdJlUwBQicdhbDDDE7umBmTtlvEKqCkURvKeHwiaCMiaGBv6SZVTvf2iaftemJtmibKxvVN/132"
"	家和万事兴","	http://wx.qlogo.cn/mmopen/UF9ibjR5bYZp3kkBZ5ggicFGfgdDibFMFUKjzJhAK9PFlibruFRUD7Gp3H9uDgy44NZLm2pAibjxkl1dU9cxR2o4YnSv4NjCVhIWF/132"
"	袁浩乘","	http://wx.qlogo.cn/mmopen/Q3auHgzwzM5sZaG8aiabmRlNVqNvd3z9y2LNl1b6Vd4iaC2UQDLE818Vo4THEaic3wSXbwvyXyu0zKKSUFjsuWZ10ZuHVRLYX8eT1zUibgRx1V8/132"
"	阳焉止兮","	http://wx.qlogo.cn/mmopen/LeOYyN8j2GUS2X0My82936MgH7LxR22ILbJwsa9J73b4CyJUXw07xtPDr0qbkPKqt7fNBLTVPFWtvMVlUBUOBgWibPibm5BJTI/132"
"	请止步～禁区。","	http://wx.qlogo.cn/mmopen/LeOYyN8j2GVLk691F8NXUN27CVfib2aJFfG0rO5VibTW1qibTticy0hZtZRxS50rziahZXicMvlP7UIuAX7ZWMHmTcicsMzpj2mr4CK/132"
"	枫叶","	http://wx.qlogo.cn/mmopen/UF9ibjR5bYZouDzSZ9chSLyYnvZZxbDOsAzOKXDV4UPyLzpCtaZdfCRiaxB0BVPD3OJTHHJ2GEBl2iaI5wydKibxdw/132"
"	丹江口微世界总代理   服务你我他","	http://wx.qlogo.cn/mmopen/PiajxSqBRaEIgaLtaCVWDTRWoOmjwXS9Hfnetqeib4AfzIHQ7ia82Hx87lCyzZAib7CDoSHm32ibCmhYqEHEcoHsJfw/132"
"	A.....可凤","	http://wx.qlogo.cn/mmopen/QCCI54QUsCuDUFDHlhKLd1lf1LBfA6IRNpsuG3IfyEAkS7tKxKp0fUDxM8hycSOtQzuJPP09BFdOiaD7oAlBffpLnR0JCgBXib/132"
"	涵","	http://wx.qlogo.cn/mmopen/UF9ibjR5bYZr7wKicpcm30edEtfYhykpbTibFG2XNJW72lweibgTq8Rc25aurZ2IQJvEOwHq84Ifdr7adDGaSmjjUZgn3v4O4OA8/132"
"	雪儿","	http://wx.qlogo.cn/mmopen/QCCI54QUsCuDUFDHlhKLdxbY5mibM49U44tKkibURu9BFj44lUfGuwxVxGOcmt26VEH6icWevB2SKzw3Fyrg2ibp6iaWE0JgjQwwS/132"
"	啊花","	http://wx.qlogo.cn/mmopen/AkSHStprpDhqpxMZvZf4WSQO48iceH0k5tkzcDNXZVReYYjlAicc6qOiagPmiaXWcOwz2MsyCnq0IVFWSDyU7hg3dliaDmicOeDHHE/132"
"	Aな元精选速购","	http://wx.qlogo.cn/mmopen/UF9ibjR5bYZoMFOggibXEiasF2hxicbQ3ic3WKrtmJclzDJUUeXdndalC40fZOgepC4MUhlZpDr9ybPtQA28B4rnZmGpE2U7LibWja/132"
"	致上国际.小商品爆品总代","	http://wx.qlogo.cn/mmopen/zsUXYY6y4cJxwfbhnqXpo4belZcKSezZPXOzU4TrfTnhVA8pm9PK7OzjTdz1BQNsVibB2cf0TXdiaRKa82ZXFsQQ/132"
"	幽梦","	http://wx.qlogo.cn/mmopen/LeOYyN8j2GVLk691F8NXUCLWkC3Q4X8xm1u7YicthCpF7IVMwypic6nC6iaOoIfnXucMicibW3bKNWARfeboOiaQMmBhVCDZtFGksd/132"
"	淡水鱼","	http://wx.qlogo.cn/mmopen/PiajxSqBRaEIOINCIAjg0JtrOtqnZrb7xI27bhvBRlMgPY8pzZfrKgFDHaZiaNrAZSiayZ23pFJenia21JcaBiaw1lt17XeDgnONQqicDIicEE8NAE/132"
"	福哥18230743119","	http://wx.qlogo.cn/mmopen/UF9ibjR5bYZoMFOggibXEiasFRaD7STzyCNGic9SnEehZhL0SCZ0epIOw1YGzAXc9S2uOggibmtV0vK7dItT8lbNq34MnOaRl8Bu8/132"
"	小五","	http://wx.qlogo.cn/mmopen/LeOYyN8j2GVtOaoG2ia9qXS3v9LYbznmZbdhRqwCMcfpvkFwTnCoBFsGJElheW1ZDtjve96QVY7bic7ChtXAgOqBMERhIDr2iaG/132"
"	丁一","	http://wx.qlogo.cn/mmopen/UF9ibjR5bYZrzJ31A9pk0uBcRuseR7wG59SL87khA1fEYKBckqgwzjCBG1FxO4mL0lEYyE1x2qQtJYmVZSU4lq6TGXvyY0xG1/132"
"	Minbabe。","	http://wx.qlogo.cn/mmopen/LeOYyN8j2GVLk691F8NXUFr5373WYA4K6OXbCuF4olIWCLHPk3ib84X8p0y6b3z6xx9xw8AIVb8Q6jsm4T7J6Kpop3QhoaFjX/132"
"	爱家","	http://wx.qlogo.cn/mmopen/oVFgdumbxvlAyoWFicE7FncUKmU8r8beeTwwGu1p6FIdJwdiahauzUgO3UPwf5ZibvqnOJSwaWQ4eROEuoxUbfRVCr9rPibhbmQ6/132"
"	成人礼。","	http://wx.qlogo.cn/mmopen/oVFgdumbxvlAyoWFicE7FnaomgtRaKjNT1eoZDyWzcwZ9PpOYY7Bq8QUaRAvhqrppbbzf1NjeP71FBCc51MqfsJ3ZGGicmKxk4/132"
"	她她她她她她她、","	http://wx.qlogo.cn/mmopen/oVFgdumbxvlAyoWFicE7FnbWA7tyiaVypWOf6S9MbHoY6sezC3rics0iasM6Cuq7HHqZnK8iaTLTROAFluWDGdIFyy0jMNpaUMbibS/132"
"	总仓xun(ノ°ο°)ノ","	http://wx.qlogo.cn/mmopen/LeOYyN8j2GX7jP68cPNK3O5cCtVbZTfTFDYJbookicmicibpUBNYwl98lCYZCibgicC9RgmXJMhqbyhXjR82eEFiciafg/132"
"	宿命","	http://wx.qlogo.cn/mmopen/Q3auHgzwzM4dFIovZiauxzL0Ff94j7teBlULicaOiag8cgzMRJCrHHSBsm3HM457WnUDyiaN2pSia8yC0n9f06Gw50d7HXNLwed9AicmtVRATbsrM/132"
"	林春","	http://wx.qlogo.cn/mmopen/g4klcRZ8KeIedRxXKRSDeSd7908G6nX5CYD1q5nbaCmbmPM4NIWYWQymsIfyotlgnqib8aFPkzpPABCDCSKvuFn8zpXORezgl/132"
"	仅此〃而已~","	http://wx.qlogo.cn/mmopen/UF9ibjR5bYZoMFOggibXEiasHzKzvoAa4WlL9F3e08nOZTIkJiaDKnu6FaARuQq2sbcibHyCS3Ev6VlDRiahrNOCN1addX9lGP5QZB/132"
"	A 阳光","	http://wx.qlogo.cn/mmopen/ajNVdqHZLLC3mJGPvzuyFgYsMGE8WJWicJKuMM0tF4OzaibBFkcMSR1W7c6jK9KmxEIBv4klyrbu5mKmd8eIuFMg/132"
"	渡","	http://wx.qlogo.cn/mmopen/oVFgdumbxvlAyoWFicE7FnW7dIbTZIqdXqib2kJ4ow67mx67jPBcOBHw6EQxFaCOQn2MtmQhG31XZDS3Hzu6nPMmBH3PHpoiaLE/132"
"	Jane","	http://wx.qlogo.cn/mmopen/oVFgdumbxvlAyoWFicE7FnaiaRsXjBrnVwElkdBhgsCGLBTibYzGm0PZGBfGENeoYqV6HHKVcklgs2g2pG4SZcNMqgLBTS6EkQs/132"
"	金狮猴家私15228848018吴艳","	http://wx.qlogo.cn/mmopen/UF9ibjR5bYZqcvaN9zyVLH9O57vRGibSJpIsBDo5r3AlQWhVejFFic6uTtFdOAwR2bt6klkv3kS6qVeoIOl6iaTzdGeBTImJoXibf/132"
"	小柯","	http://wx.qlogo.cn/mmopen/oVFgdumbxvlAyoWFicE7FnWa1hJqlB3yGPbVicz1diacYuCHjb7YyONftwJO4ibwiaicv1KLFbicgYy2LqfZpevdLjH0n4vNdia9u6cQ/132"
"	王婵婵","	http://wx.qlogo.cn/mmopen/PiajxSqBRaEJg4kmQmMgAuB8ers93vK9jqFNKd9v6MhlWGMxATWW6ogJEDp4XJuf9ZlnuGgd3cgPLmY9OOP68VA/132"
"	随缘","	http://wx.qlogo.cn/mmopen/LeOYyN8j2GUu0XdZjmDpPWOuyO6po3ic7ibRQACtiaT9lhjODliajn2lkrS0dKD8xHUYyfOf1kibdxrBvcR0vSbz74c29rKrsMxicH/132"
"	周周","	http://wx.qlogo.cn/mmopen/UF9ibjR5bYZojfpAEE32VHITWE8jIWt7UXNKm9KEA72aQhUq5JYrGVsiawpRuaBWxCpTy9cXVUmhrZIIzbJXvUcUnIpnyMcf4a/132"
"	淡如水","	http://wx.qlogo.cn/mmopen/LeOYyN8j2GVTRH2icLmic2q9P0ItYNPqKf1E2xuLQLcmmyiblSmhDiaUWMKq9icQ2Bb4ckn3xE42EiayjDoOqvtxVszjSnEj7Q16cl/132"
"	玫瑰花开","	http://wx.qlogo.cn/mmopen/JHY3H0ibSP1viaJicRQU81uFzkFdt8AJYPu4GoQiaiavfzOGQEky5fgutKVhib1wpIHjMuicZHWZppSIDIGDAXianicOLX27UC6ibAHglI/132"
"	智者","	http://wx.qlogo.cn/mmopen/UF9ibjR5bYZp3kkBZ5ggicFMKXtLdpmdFQJBxU0wzxDZXZ8UHhB3HpBQLumDriaic2z9Yicm7p8V6q0ONprYyl9mKlyqYpVqycZ6F/132"
"	萍儿","	http://wx.qlogo.cn/mmopen/UF9ibjR5bYZqf7Zjvu6fEwyL9vFcQX4XdHQLR8V6OictDFqk5ibKG72HQC7zdRxFTianHFu2MKbgVpzYUoalelIqojNg3l3CUQyD/132"
"	杰克斯-史密斯温森","	http://wx.qlogo.cn/mmopen/UF9ibjR5bYZojfpAEE32VHJ6jV6kHseC6TwRKNQI3wSyTUJJJCk7TL9C9yY2qlL6mPlAmMAiaXIIk4nLbMNGbE8JjlYkKA4eKH/132"
"	我云","	http://wx.qlogo.cn/mmopen/g4klcRZ8KeJsZAH3D5gdmnr4Cn2gWh1WmqqE1hibRbJYrmRgWB3HXcYHtXckUdvtuib8t3vABO7ZGMYyg5YPwCl0ZIUWiayQLHq/132"
"	冷爱人。。。","	http://wx.qlogo.cn/mmopen/LeOYyN8j2GWKKHCzCseEMAYHLHKtuZ0w0uZKqcwlZtGZzomo5NyEElBCwwY35wpRbX8XBpMAHGSSLkmABYx4ia1GTlPE8sIGf/132"
"	林巧","	http://wx.qlogo.cn/mmopen/LeOYyN8j2GVVrvstNB4DlF54CAV2ttKV0C5AGjSmz7DSmEYtC4LFoL3cjOrGvON49XSsF6UDCbSQfDdFTVpsvIzAKIZMesrb/132"
"	彩虹??公主","	http://wx.qlogo.cn/mmopen/oVFgdumbxvnDSMAWsiayicOXrbPQzM09J3iaIwlYJn9505kNjoGeJKs4GqIWM9RiaqMSia0jsbPcAa2sic1e6XGiavrklL5lzbkkGJ0/132"
"	阿婷呐??","	http://wx.qlogo.cn/mmopen/UF9ibjR5bYZoMFOggibXEiasKWiaND5X7UQQOgHQULwyyqpBYU7a0TP7nnl1CicSiaUXNXGuwYuEzMNPVMibzJbgic8KVbibNun8qyVkR/132"
"	激情电影 免流量电影","	http://wx.qlogo.cn/mmopen/oVFgdumbxvkzjzb0loNSOmFGjrItZG5rd7NyVvNGEkrvn1v5hDQicibyXaYMchxJVSBNOJujERV6xCMLzMsDRGH9l2rqN4jcbv/132"
"	辉哥","	http://wx.qlogo.cn/mmopen/v5icrCibB8ontp3hiaiboaic0DkhukmNDxZrTx3fhMyibUdib72PmvfIiatftryWLcNB3RMicxYKRYB2ATWicm1mmGgLrDibibTOhpqWlKYP/132"
"	Mini","	http://wx.qlogo.cn/mmopen/LeOYyN8j2GVLk691F8NXUGIf7VzOLtLY9ib7mPwjIibCML2aMek9tUhJUQ8qcCdeEKdWicbKR4cJBtibbXbfF4Ce9ySFQ4Iic96Wm/132"
"	旭","	http://wx.qlogo.cn/mmopen/oVFgdumbxvm0GUEdBEQxRHPGP9Cja08EIr4gk43j7zpBtncYaskibbFkzLWPbJYLsrh4dbzkL6K63FAicvB7OjYaQXp3Xc9WiaT/132"
"	镜中缘","	http://wx.qlogo.cn/mmopen/UF9ibjR5bYZoMFOggibXEiasPRf9ic7ERPRGqCrrias558tUF3LKJg3j9RwP9icA5ImT3qIZmhF83xia7u9ic438Hay7JZfkQlUj4XEW/132"
"	我的世界你进不来","	http://wx.qlogo.cn/mmopen/ajNVdqHZLLCFRch1ZCkNU2816GkuveyYuQY3BibktqMZBXtOYBVSalgP1Gjp8K8d3ZoZqnE4d023CA4phcKt4UA/132"
"	.P","	http://wx.qlogo.cn/mmopen/LeOYyN8j2GXwD9fEvhM4paLFsuTja6pkeC5F599CNDGZnew5mWd0S0qaGUiaDQ9ZicibBqY6Hub9Kb3se4SB442xPbkkt6Yxiaibc/132"
"	烟雨潇潇","	http://wx.qlogo.cn/mmopen/LeOYyN8j2GXwD9fEvhM4paCzC2Ks5J5uucogLAsdAqzf0LszVlsw7wVqLUoibUWUXzDGuCNJYK5vcQ5ktpBgsRvlY0mjqXlo8/132"
"	A【影视VIP会员】出售","	http://wx.qlogo.cn/mmopen/UF9ibjR5bYZosia9A1690nkzgaHxiceqyTpib1fZJO1LxHOBibQlsuXO9LKJWHibAJ4Bc13IxaniblgrM3R8cnFgomIqkKhSiclUiclsn/132"
"	丑八怪","	http://wx.qlogo.cn/mmopen/LeOYyN8j2GWxUEGu2doSyhtmrrPrwicxLORKVsTRssBgg6GIHt2fUYxLRWSmGcSZI7OgBSDvRhcFkLO8E5TIibT6k4CJibfPBsw/132"
"	小春","	http://wx.qlogo.cn/mmopen/LeOYyN8j2GVLk691F8NXUMy6XtWZS5xzBnGI716CL6khgia1owqLib3OknX5acGbgOgqbBOljPNHteia4oll0CgE2JBDZ0Agf0l/132"
"	恶魔小小","	http://wx.qlogo.cn/mmopen/oVFgdumbxvmCxhElV8MCkvfgruTNaU7ksSfYDPBxnx9xP9KuEQBaBB3cxDb1LX5zVq8BviaBlhiaQru2lO5vLGMEKJVMtEzLqib/132"
"	路过而已","	http://wx.qlogo.cn/mmopen/LeOYyN8j2GVUpVnynPRWJrNR0WN69McNcC6P9O2WHb9RzTC7tdF9EDRa4byhw3xCoJy9Ln1wvBqHnL9zfVcp509nyPHUsIzk/132"
"	刘渊明","	http://wx.qlogo.cn/mmopen/Q3auHgzwzM4POJznUVB3oUX1pSI9EeFp4komop6yajEXpwzJdfSr0Ixff4mzedrHOMsjriciayKXeAL8GLno2oYqL5k4DurjpIZiaINicZFLcLM/132"
"	笑，为谁含羞？","	http://wx.qlogo.cn/mmopen/oVFgdumbxvlAyoWFicE7FneJ1IqlXyhM6xhMRxChG66TvKzpPcuy6RQeEvIUGwm91MeBozjCyt6Rf2CBuiaaiaBntEUvFbzCiaoK/132"
"	双双","	http://wx.qlogo.cn/mmopen/oVFgdumbxvmfVswEKg1f3lGYvxotzACuicoQtX4KeiaHVsKBlLS3ttgTZCGg369acjWfreiaUR45Y5Mt5Dxfvb3MHeo3Zal1de4/132"
"	武穴微帮总代理 ? 已认证","	http://wx.qlogo.cn/mmopen/oVFgdumbxvnOwhBDa8gowlYZkDWPXpUnMmbqhI0fBG02vXzAXHxbnibNiaaWLzC0LqFZlSZkNBIRpjH1wGLDAicCSz01Ef9P02e/132"
"	夜夜夜","	http://wx.qlogo.cn/mmopen/oVFgdumbxvlAyoWFicE7FnTlNVWXrjUhtLq0qojcwl0yIzYV8DodrC3UzwiblymEPibXODjN0aYvYAMy8prVKlXrFNTq6UUONgp/132"
"	一杯浊酒向天敬","	http://wx.qlogo.cn/mmopen/LeOYyN8j2GXwD9fEvhM4pYBwS4sf8vxglcxNM2EiaJibQr88n9JHuEZYd0B19CcJAbMGWYMNWPx253MLDLG5zjaOHA1hcn38r5/132"
"	步步","	http://wx.qlogo.cn/mmopen/LeOYyN8j2GVLk691F8NXUGEQicbBskcrMEX0HM0QXY69M6f9UCf0AG8RdKh5xxQxqV6cmaiakhp5sr8y0RBibwZ439kFuroY4Ap/132"
"	涛","	http://wx.qlogo.cn/mmopen/UF9ibjR5bYZp3kkBZ5ggicFAGLlnQZGINoLAyPKpytO4xj92un746u3CSB58WnVnT8n0BGY8CHDq8wEficK8FxNCicsSGZQJdvVq/132"
"	Coco","	http://wx.qlogo.cn/mmopen/QCCI54QUsCuDUFDHlhKLdibSddY2dGiaicRDiapCFFPJAgyBmrDjpKje7QsV4ic5MNiaQEYHycbP1QsO9MtebM1ribFRUlxLWa5ZsJN/132"
"	潘静怡","	http://wx.qlogo.cn/mmopen/zsUXYY6y4cI0G4pnwZVfjy37wKgeDB6wJAqTicrJWatQaI4sr1ucx8Ge7DJxicbIaNtktaf4NKic8N9ibYHesP3Hbq85kYecgTAK/132"
"	13.7.11，14.2.11","	http://wx.qlogo.cn/mmopen/zsUXYY6y4cKsjMx8tsjIDJBgM2UpwcDIdNtoSat4KDADgQwI0Y07G5YVCeuGY0fib3mfJGKbtYiaYyLuyHVOB2ZJeznFZ2gJyL/132"
"	荣儿","	http://wx.qlogo.cn/mmopen/UF9ibjR5bYZoMFOggibXEiasEEjE9Z48zwiceTfib5MSraH0p5l68m227LYbCz3YdGBcq9LtQmiaqFyJuAgqaQQhdibZGR4icEYicribnT/132"
"	米多网络 杨忠凯","	http://wx.qlogo.cn/mmopen/zsUXYY6y4cLibtbJpWtw3GiaIkcZcloGp54mFLVWkploLTJU2rwNngNqfA7BUywh7FVbGMUWxexj7q8ua5EA4ygw/132"
"	路人甲","	http://wx.qlogo.cn/mmopen/oVFgdumbxvkzjzb0loNSOkwInlXCr2nOPTPogNApVmwcR1eZUDrOkDCr8bGxibH44Q8LZNOqFb55k15lYSFnp6futrk9VVjFv/132"
"	梦的翅膀受了伤","	http://wx.qlogo.cn/mmopen/Lgu253micmCRBBo1uvSf8sFfFZibJW6kv6nAibibfA3SCicXqjFm6ILyTibNibV7jYGwyPibGnAEib2XVVl5twVxiaJ7Cr94aWfWVtLbt1/132"
"	AA手机壳订制胝写理（带致富）","	http://wx.qlogo.cn/mmopen/zsUXYY6y4cKsjMx8tsjIDEcIm09bRBWOzRiaUASoXEibF12QFWr92ZE6jVU09ocAiaEHOGDXWATGX1n8MkeKIn4We5BR3pScJmM/132"
"	小凤","	http://wx.qlogo.cn/mmopen/UF9ibjR5bYZoaiaX8yEQpia2HbnoQZoyiboGknrzAickur09auiagZL1yzEEPkslU1wfErumAAk0icffhw3ciap48bnReT5ptNmPCWu9/132"
"	@明天会更好@","	http://wx.qlogo.cn/mmopen/LeOYyN8j2GVLk691F8NXUCqA7cRzMo2PuGHSbZicwqUS7sibHaVcXcu0zZutdUfx4Hxx3KQnDfO5u0tegvxfBVeybF22tc5aIp/132"
